,part,energy,angle,n,Q,Q25,Q50,QR25_130,QR50_130,eta25_130,eta50_130
0,p,10,00-20,0,26789148417.0,4687884000.0,9312693000.0,12992366100.0,8367557100.0,0.36081834239569344,1.112952429090684
1,p,10,00-20,1,32573439846.0,3252542000.0,7433032000.0,14582780000.0,10402290000.0,0.22303991420017308,0.7145572753691736
2,p,10,00-20,2,30904469941.0,2841568000.0,6441772000.0,13255227200.0,9655023200.0,0.21437339074806655,0.6671938395756521
3,p,10,00-20,3,31164168377.0,3832174000.0,8340468000.0,14520790200.0,10012496200.0,0.26390946685532307,0.8330058592182038
4,p,10,00-20,4,26400113314.0,1091460000.0,2976123000.0,9268500300.0,7383837300.0,0.11776015155332087,0.40305912482659934
5,p,10,00-20,5,31278337931.0,2683770000.0,6289913000.0,13494996100.0,9888853100.0,0.1988714913374447,0.6360609199463182
6,p,10,00-20,6,30453798807.0,2653144000.0,6270916000.0,13276946700.0,9659174700.0,0.1998308843101705,0.6492186128489839
7,p,10,00-20,7,30695523987.0,2485957000.0,5879541000.0,12964384100.0,9570800100.0,0.19175280374483814,0.6143207400183816
8,p,10,00-20,8,31011435451.0,2408833000.0,5750945000.0,13008715500.0,9666603500.0,0.18517070344108916,0.5949292323823978
9,p,10,00-20,9,30075478404.0,1477647000.0,3889264000.0,11186616500.0,8774999500.0,0.1320906102394768,0.44322099391572617
10,p,10,00-20,10,29630111857.0,1727001000.0,4371166000.0,11564754700.0,8920589700.0,0.14933312852714464,0.4900086369850639
11,p,10,00-20,11,26093016921.0,1145280000.0,2984873000.0,8896422400.0,7056829400.0,0.1287348946021268,0.4229764998995158
12,p,10,00-20,12,32103211148.0,1456670000.0,3892891000.0,11841809300.0,9405588300.0,0.12301076322855495,0.41389128205834824
13,p,10,00-20,13,31190039217.0,2062104000.0,5152067000.0,12723112700.0,9633149700.0,0.16207543300312038,0.5348268386195638
14,p,10,00-20,14,26481510454.0,1092382000.0,2904825000.0,9105338600.0,7292895600.0,0.11997159556482612,0.3983088692507815
15,p,10,00-20,15,29101451502.0,1926034000.0,4778304000.0,11723444600.0,8871174600.0,0.1642890861615877,0.5386326180526309
16,p,10,00-20,16,26400525202.0,904579000.0,2565139000.0,8800972000.0,7140412000.0,0.10278171547415445,0.35924243587064725
17,p,10,00-20,17,31054640613.0,2293722000.0,5554486000.0,12886696600.0,9625932600.0,0.1779914644688694,0.577033543742037
18,p,10,00-20,18,28527315303.0,3320807000.0,7136059000.0,12804098300.0,8988846300.0,0.2593550066700128,0.7938792990597692
19,p,10,00-20,19,30798386998.0,2527962000.0,5921250000.0,12931643200.0,9538355200.0,0.1954865256412271,0.6207831304080603
20,p,10,00-20,20,32124608920.0,2203954000.0,5461593000.0,13218062300.0,9960423300.0,0.16673805509299197,0.5483294068435827
21,p,10,00-20,21,30509911835.0,1945945000.0,4862480000.0,12198908400.0,9282373400.0,0.15951796145956798,0.5238401635512745
22,p,10,00-20,22,30752517711.0,2757457000.0,6365557000.0,13176404100.0,9568304100.0,0.20927234616309315,0.6652753647326071
23,p,10,00-20,23,31187180622.0,2282300000.0,5579483000.0,13045699400.0,9748516400.0,0.1749465421531942,0.57234175653641
24,p,10,00-20,24,27464630654.0,1316980000.0,3453314000.0,9962766600.0,7826432600.0,0.1321901890183797,0.4412373013983408
25,p,10,00-20,25,22489938571.0,2868129000.0,6122994000.0,10447207200.0,7192342200.0,0.2745354758542551,0.8513212844627999
26,p,10,00-20,26,28069743283.0,1369408000.0,3622153000.0,10445917400.0,8193172400.0,0.13109504388767232,0.4420940782351901
27,p,10,00-20,27,26561138631.0,1274569000.0,3338453000.0,9637499500.0,7573615500.0,0.1322510055642545,0.44080043408593955
28,p,10,00-20,28,31497663640.0,2259690000.0,5560425000.0,13151350700.0,9850615700.0,0.17182189506968285,0.5644748683069628
29,p,10,00-20,29,27880046230.0,1811459000.0,4496647000.0,11138648800.0,8453460800.0,0.162628253437706,0.5319297156970314
30,p,10,00-20,30,33226011285.0,2862557000.0,6839432000.0,14745676100.0,10768801100.0,0.19412856898436823,0.6351154540313685
31,p,10,00-20,31,29972481864.0,2011528000.0,4894864000.0,11938943600.0,9055607600.0,0.16848458853595724,0.5405340222559997
32,p,10,00-20,32,28125969258.0,1570373000.0,3831965000.0,10349469300.0,8087877300.0,0.15173464015203175,0.473791188696693
33,p,10,00-20,33,27418129439.0,4212759000.0,8805961000.0,13264695200.0,8671493200.0,0.3175918433466907,1.015506879484147
34,p,10,00-20,34,30301985026.0,1656198000.0,4262037000.0,11620224300.0,9014385300.0,0.14252719717294957,0.47280395258898017
35,p,10,00-20,35,27952705645.0,1421764000.0,3702360000.0,10458210700.0,8177614700.0,0.13594715585525544,0.45274326754475236
36,p,10,00-20,36,28743590548.0,1328765000.0,3517763000.0,10473730200.0,8284732200.0,0.12686645298539387,0.42460793120144547
37,p,10,00-20,37,26183471019.0,1090593000.0,2920850000.0,8986434700.0,7156177700.0,0.12135992041426619,0.40815783543217493
38,p,10,00-20,38,29361040091.0,1994727000.0,4929312000.0,11977538600.0,9042953600.0,0.16653897487752617,0.5450997780194294
39,p,10,00-20,39,29509142403.0,1959074000.0,4806075000.0,11714513300.0,8867512300.0,0.16723477534487072,0.5419868433675586
40,p,10,00-20,40,33016879779.0,1871627000.0,4865851000.0,13192029100.0,10197805100.0,0.14187559668133237,0.4771468911481746
41,p,10,00-20,41,27072820531.0,1765742000.0,4190811000.0,10127651400.0,7702582400.0,0.17434861551415562,0.5440786975547318
42,p,10,00-20,42,30784863418.0,4247232000.0,9260329000.0,15047805900.0,10034708900.0,0.28224925469034656,0.922829859070451
43,p,10,00-20,43,30687976560.0,2128782000.0,5153185000.0,12335977700.0,9311574700.0,0.1725669461934906,0.5534171357718904
44,p,10,00-20,44,31800811399.0,2981221000.0,6845038000.0,13873625200.0,10009808200.0,0.21488406649474717,0.6838330828356931
45,p,10,00-20,45,29406130475.0,1539268000.0,4022651000.0,11256835500.0,8773452500.0,0.13674073854947955,0.4585026248218703
46,p,10,00-20,46,28965315663.0,1841112000.0,4585482000.0,11448306100.0,8703936100.0,0.16081959932919684,0.5268285459954146
47,p,10,00-20,47,30687130042.0,1882602000.0,4584916000.0,11820232300.0,9117918300.0,0.15926945868906486,0.5028467956331655
48,p,10,00-20,48,27086098393.0,1517510000.0,3812995000.0,10060121400.0,7764636400.0,0.15084410412780905,0.49107193222853296
49,p,10,00-20,49,30302509925.0,2014815000.0,4961227000.0,12145222200.0,9198810200.0,0.16589363017170652,0.5393335542459611
50,p,10,00-20,50,29805977500.0,2248191000.0,5396688000.0,12348858400.0,9200361400.0,0.18205658589461193,0.5865734796026599
51,p,10,00-20,51,30088751946.0,2092815000.0,5169788000.0,12422676900.0,9345703900.0,0.16846731319237643,0.5531726722050332
52,p,10,00-20,52,26789071938.0,1463745000.0,3612158000.0,9643779800.0,7495366800.0,0.15178125489758695,0.48191877681022893
53,p,10,00-20,53,28928105429.0,2090526000.0,4977068000.0,11606238700.0,8719696700.0,0.18012088619200983,0.5707845319895128
54,p,10,00-20,54,27351478653.0,1077078000.0,2972515000.0,9503472900.0,7608035900.0,0.11333519980890354,0.3907072783397355
55,p,10,00-20,55,25557103804.0,3181276000.0,6777915000.0,11579720500.0,7983081500.0,0.2747282199082439,0.8490349246716321
56,p,10,00-20,56,28588552342.0,1019203000.0,2890652000.0,9841241700.0,7969792700.0,0.10356447195072956,0.36270102734290693
57,p,10,00-20,57,28671655284.0,1447740000.0,3775595000.0,10742389200.0,8414534200.0,0.1347689022475559,0.448699228057092
58,p,10,00-20,58,27858634974.0,1429033000.0,3666487000.0,10274905400.0,8037451400.0,0.13907991795233463,0.45617532443182174
59,p,10,00-20,59,25943329862.0,2080597000.0,4690191000.0,10141422700.0,7531828700.0,0.20515829598543409,0.6227161008056383
60,p,10,00-20,60,29966094245.0,1697258000.0,4395461000.0,11807039300.0,9108836300.0,0.14374966974150752,0.4825491265003851
61,p,10,00-20,61,30570253204.0,1721367000.0,4487549000.0,12155765400.0,9389583400.0,0.14160910015588157,0.4779284456858863
62,p,10,00-20,62,25752378311.0,882279000.0,2491482000.0,8501451800.0,6892248800.0,0.10377980382127203,0.3614904325566425
63,p,10,00-20,63,26725960742.0,1170328000.0,3130909000.0,9401147800.0,7440566800.0,0.12448777797111114,0.42078904526466987
64,p,10,00-20,64,29785467696.0,2253295000.0,5470771000.0,12555926500.0,9338450500.0,0.17946067142078284,0.5858328423971407
65,p,10,00-20,65,30857058591.0,2132830000.0,5289284000.0,12767989000.0,9611535000.0,0.16704510005451917,0.5503058564526894
66,p,10,00-20,66,29449705314.0,1662846000.0,4254495000.0,11425922400.0,8834273400.0,0.14553275803798563,0.4815896913491493
67,p,10,00-20,67,28298280121.0,1521512000.0,3892417000.0,10558725400.0,8187820400.0,0.14409996873296846,0.47539110652695804
68,p,10,00-20,68,28853581752.0,1360046000.0,3579392000.0,10461693300.0,8242347300.0,0.13000247292663417,0.43426852445297953
69,p,10,00-20,69,28772670289.0,1499073000.0,3858633000.0,10683474300.0,8323914300.0,0.14031699406999087,0.46355991435423594
70,p,10,00-20,70,30439048224.0,3107210000.0,7101597000.0,13749491100.0,9755104100.0,0.22598727308532895,0.7279878233180516
71,p,10,00-20,71,28713233697.0,1980097000.0,4671657000.0,11267785600.0,8576225600.0,0.1757308019776308,0.544721794631895
72,p,10,00-20,72,27089753435.0,1296339000.0,3368952000.0,9688245800.0,7615632800.0,0.13380533759785493,0.44237321946509817
73,p,10,00-20,73,27534916613.0,1437125000.0,3716704000.0,10345530200.0,8065951200.0,0.1389126484788571,0.4607892990971728
74,p,10,00-20,74,29962852563.0,2963939000.0,6824725000.0,13415256600.0,9554470600.0,0.22093792823910652,0.7142965095313601
75,p,10,00-20,75,30174145675.0,2045019000.0,5013809000.0,12154533200.0,9185743200.0,0.16825154585122198,0.5458250781493652
76,p,10,00-20,76,30106422150.0,2255023000.0,5431334000.0,12459577600.0,9283266600.0,0.1809871146835668,0.5850671141987887
77,p,10,00-20,77,29715687205.0,1882961000.0,4736151000.0,11970701000.0,9117511000.0,0.1572974715515825,0.5194565709874109
78,p,10,00-20,78,32630236549.0,2109742000.0,5330626000.0,13414908800.0,10194024800.0,0.15726845642066534,0.5229167188214021
79,p,10,00-20,79,30339497781.0,1998613000.0,4942426000.0,12117227300.0,9173414300.0,0.164939796086849,0.5387771486566348
80,p,10,00-20,80,28241042399.0,1329144000.0,3521009000.0,10341238500.0,8149373500.0,0.1285285123247085,0.43205885703974667
81,p,10,00-20,81,27244883127.0,1436368000.0,3669803000.0,10078025100.0,7844590100.0,0.14252474921897149,0.4678132258306269
82,p,10,00-20,82,26995076646.0,1349109000.0,3535941000.0,9952880800.0,7766048800.0,0.13554959886588816,0.4553075947707153
83,p,10,00-20,83,27894633056.0,1629982000.0,4089430000.0,10739415400.0,8279967400.0,0.15177567300357894,0.49389445663759496
84,p,10,00-20,84,30100404710.0,2388503000.0,5642480000.0,12595270500.0,9341293500.0,0.1896349109771005,0.6040362611452044
85,p,10,00-20,85,29002176152.0,1531878000.0,3947388000.0,11008542600.0,8593032600.0,0.13915356970140624,0.4593707697559532
86,p,10,00-20,86,28228839880.0,1595819000.0,4064746000.0,10799355600.0,8330428600.0,0.14776983545203382,0.4879396001305383
87,p,10,00-20,87,28412660754.0,1916874000.0,4621501000.0,11198958200.0,8494331200.0,0.17116538572311127,0.544068849116691
88,p,10,00-20,88,27699140821.0,1146993000.0,3121720000.0,9768955700.0,7794228700.0,0.11741203821816901,0.40051685935261305
89,p,10,00-20,89,26728144654.0,1271966000.0,3365574000.0,9725126800.0,7631518800.0,0.13079171368747602,0.44100972404077676
90,p,10,00-20,90,27732624825.0,1598756000.0,4009977000.0,10503118400.0,8091897400.0,0.15221726911123842,0.4955546025583567
91,p,10,00-20,91,27898130887.0,2070949000.0,4903207000.0,11296630700.0,8464372700.0,0.18332448452971026,0.5792758865639269
92,p,10,00-20,92,26713982818.0,1212253000.0,3217048000.0,9581111500.0,7576316500.0,0.12652529928286504,0.4246190084587939
93,p,10,00-20,93,29257138088.0,2368832000.0,5485704000.0,12016494600.0,8899622600.0,0.1971316992894084,0.6163973739740379
94,p,10,00-20,94,27698582361.0,1580935000.0,4025101000.0,10637255900.0,8193089900.0,0.14862244688500914,0.4912799748480729
95,p,10,00-20,95,29140755926.0,1367670000.0,3651376000.0,10755925800.0,8472219800.0,0.12715502369865736,0.4309822084644216
96,p,10,00-20,96,28409726772.0,1971075000.0,4688616000.0,11207596500.0,8490055500.0,0.17586955419032083,0.552247980004371
97,p,10,00-20,97,27534184674.0,1434335000.0,3650821000.0,10064772000.0,7848286000.0,0.14251043143351882,0.4651743068486546
98,p,10,00-20,98,30522934803.0,2143985000.0,5186926000.0,12340220200.0,9297279200.0,0.17373960636456065,0.5578971964184963
99,p,10,00-20,99,30538589130.0,3808460000.0,8364055000.0,14299296600.0,9743701600.0,0.2663389750234288,0.8584063165481176
100,p,10,00-20,100,31405726808.0,2119304000.0,5320186000.0,13061057900.0,9860175900.0,0.1622612820665928,0.5395629909604351
101,p,10,00-20,101,28544771164.0,1093946000.0,3089527000.0,10170629200.0,8175048200.0,0.10755932386169383,0.3779215638141436
102,p,10,00-20,102,27439222573.0,1455526000.0,3675595000.0,10163053500.0,7942984500.0,0.14321739032466965,0.4627473464161991
103,p,10,00-20,103,32378535027.0,2540556000.0,6148923000.0,13896668400.0,10288301400.0,0.18281763131082554,0.5976616314914724
104,p,10,00-20,104,29755198998.0,1959676000.0,4863407000.0,11980040500.0,9076309500.0,0.1635784119427643,0.5358352973749959
105,p,10,00-20,105,33972593529.0,2735190000.0,6644073000.0,14879635800.0,10970752800.0,0.18382103142605144,0.6056168725267422
106,p,10,00-20,106,29254608393.0,1570798000.0,4053470000.0,11198237500.0,8715565500.0,0.14027189546569271,0.4650839925418494
107,p,10,00-20,107,28390627436.0,1683706000.0,4182845000.0,10835309800.0,8336170800.0,0.15539066543348856,0.5017705491351017
108,p,10,00-20,108,33473580042.0,3263966000.0,7613100000.0,15226190100.0,10877056100.0,0.21436524689127584,0.699922840335447
109,p,10,00-20,109,30518095853.0,2866873000.0,6520033000.0,13249855400.0,9596695400.0,0.21637013487709458,0.6794039748307527
110,p,10,00-20,110,30624030312.0,2568711000.0,6083824000.0,13175192500.0,9660079500.0,0.1949657282047302,0.6297902620780709
111,p,10,00-20,111,28373811927.0,1271978000.0,3406229000.0,10319279200.0,8185028200.0,0.12326229142050929,0.41615360592160205
112,p,10,00-20,112,29059409388.0,1803337000.0,4480732000.0,11376963700.0,8699568700.0,0.15850775721469518,0.5150522002314897
113,p,10,00-20,113,29521536389.0,1223715000.0,3335927000.0,10544373300.0,8432161300.0,0.11605383887537442,0.39561944812417194
114,p,10,00-20,114,27951557359.0,1407451000.0,3665315000.0,10363186300.0,8105322300.0,0.13581257339743086,0.4522108886404184
115,p,10,00-20,115,30171735512.0,2994106000.0,6722299000.0,13116946100.0,9388753100.0,0.22826243068880187,0.7159948641103364
116,p,10,00-20,116,29751644281.0,2074322000.0,5056435000.0,12071028900.0,9088915900.0,0.17184301497281645,0.5563298258706519
117,p,10,00-20,117,31300871491.0,2005292000.0,4967283000.0,12513868300.0,9551877300.0,0.16024557330525846,0.5200321197593273
118,p,10,00-20,118,29319043873.0,1970633000.0,4837597000.0,11738045200.0,8871081200.0,0.16788425725264713,0.5453221417925923
119,p,10,00-20,119,29334028661.0,2045281000.0,4985668000.0,11895093700.0,8954706700.0,0.17194324412930012,0.556765080870823
120,p,10,00-20,120,26617843151.0,1886588000.0,4181447000.0,9681863900.0,7387004900.0,0.19485793432812043,0.5660544505662911
121,p,10,00-20,121,31777789725.0,2532924000.0,6074793000.0,13567430900.0,10025561900.0,0.1866914980934231,0.6059304267025671
122,p,10,00-20,122,29817935009.0,3612205000.0,7886258000.0,13885269600.0,9611216600.0,0.2601465512776216,0.8205265085795694
123,p,10,00-20,123,27334856045.0,1173081000.0,3116348000.0,9527059200.0,7583792200.0,0.12313149056531526,0.41092212415841245
124,p,10,00-20,124,24391608169.0,803028000.0,2253617000.0,7731757100.0,6281168100.0,0.10386099687482422,0.3587894742062388
125,p,10,00-20,125,26400898730.0,2930157000.0,6235950000.0,11176672400.0,7870879400.0,0.26216720819337963,0.7922812284482469
126,p,10,00-20,126,29408197088.0,1377123000.0,3631612000.0,10777123600.0,8522634600.0,0.12778205494460507,0.4261137747240742
127,p,10,00-20,127,27251357603.0,1361457000.0,3451929000.0,9756949200.0,7666477200.0,0.1395371618825278,0.45026273605822503
128,p,10,00-20,128,28026199805.0,1689617000.0,4199231000.0,10750087100.0,8240473100.0,0.1571724009566397,0.5095861547075495
129,p,10,00-20,129,29439486737.0,1652267000.0,4238377000.0,11428052000.0,8841942000.0,0.14457993365798474,0.47934910679124565
130,p,10,00-20,130,31949262536.0,4186250000.0,8982432000.0,15148062000.0,10351880000.0,0.2763554836255621,0.8677102130241077
131,p,10,00-20,131,32784629869.0,2649933000.0,6305782000.0,14017310800.0,10361461800.0,0.18904717444090632,0.6085803452945221
132,p,10,00-20,132,26793057356.0,1161567000.0,3074785000.0,9329395100.0,7416177100.0,0.12450614295454161,0.4146051204737276
133,p,10,00-20,133,32460436998.0,1541628000.0,4086718000.0,12120996200.0,9575906200.0,0.12718657563806512,0.4267708887958823
134,h,10,00-20,0,28535435735.0,1544446000.0,3988734000.0,10851008800.0,8406720800.0,0.14233201985791405,0.4744696647948627
135,h,10,00-20,1,27238818165.0,1423638000.0,3664667000.0,10140975500.0,7899946500.0,0.14038471939903613,0.46388504023413324
136,h,10,00-20,2,26793736393.0,1352813000.0,3476233000.0,9741174000.0,7617754000.0,0.13887576589844305,0.4563330608995775
137,h,10,00-20,3,26290061632.0,1133468000.0,3008788000.0,9153207800.0,7277887800.0,0.12383287091985391,0.4134150020834342
138,h,10,00-20,4,27896085496.0,2563463000.0,5750139000.0,11608437200.0,8421761200.0,0.22082757186298946,0.6827715561443372
139,h,10,00-20,5,28038921222.0,1414095000.0,3649338000.0,10259082800.0,8023839800.0,0.13783834554878532,0.4548119218432053
140,h,10,00-20,6,26798697526.0,1281484000.0,3317571000.0,9600121200.0,7564034200.0,0.1334862314029952,0.4385980962381159
141,h,10,00-20,7,29217157605.0,1657561000.0,4185455000.0,11182393500.0,8654499500.0,0.1482295360112305,0.4836160658395093
142,h,10,00-20,8,26445781849.0,1152975000.0,3104202000.0,9443018400.0,7491791400.0,0.12209814183990153,0.4143470946081067
143,h,10,00-20,9,26827123139.0,1475862000.0,3753502000.0,10097243400.0,7819603400.0,0.14616484336705204,0.48001181236378304
144,h,10,00-20,10,30758032563.0,2171866000.0,5346590000.0,12798692500.0,9623968500.0,0.1696943652642643,0.5555494077105511
145,h,10,00-20,11,28400955615.0,1936679000.0,4726825000.0,11450127000.0,8659981000.0,0.1691403946873253,0.5458239458031143
146,h,10,00-20,12,24875485684.0,1084065000.0,2858052000.0,8590356500.0,6816369500.0,0.126195577564214,0.4192924107180516
147,h,10,00-20,13,26877138034.0,1239820000.0,3287745000.0,9704639800.0,7656714800.0,0.1277553856249255,0.42939368722470894
148,h,10,00-20,14,26645564560.0,1182611000.0,3179081000.0,9626160700.0,7629690700.0,0.12285386010644929,0.4166723298494918
149,h,10,00-20,15,28838266182.0,1738085000.0,4405102000.0,11391074300.0,8724057300.0,0.15258306233679822,0.5049373070944869
150,h,10,00-20,16,26770293897.0,1622252000.0,3956529000.0,10035978800.0,7701701800.0,0.16164362563221038,0.5137213959647204
151,h,10,00-20,17,29136933159.0,1559356000.0,4069090000.0,11224616600.0,8714882600.0,0.13892287421202432,0.4669127728697114
152,h,10,00-20,18,26510026395.0,1298067000.0,3411017000.0,9813236600.0,7700286600.0,0.13227715308525223,0.44297273298892537
153,h,10,00-20,19,27443324759.0,1595314000.0,4081945000.0,10698008400.0,8211377400.0,0.14912252265571224,0.4971084388351216
154,h,10,00-20,20,27156404368.0,1622186000.0,4105146000.0,10599820900.0,8116860900.0,0.15303900087594877,0.5057553715131424
155,h,10,00-20,21,28040615547.0,1558690000.0,3990737000.0,10743223400.0,8311176400.0,0.14508587804289724,0.48016511838203796
156,h,10,00-20,22,27182348576.0,1353573000.0,3504568000.0,9987634800.0,7836639800.0,0.13552487922365763,0.44720289428129645
157,h,10,00-20,23,25670081040.0,1830332000.0,4265174000.0,9827678900.0,7392836900.0,0.18624255214524765,0.5769333285304861
158,h,10,00-20,24,29720020752.0,1745042000.0,4483345000.0,11795314200.0,9057011200.0,0.14794366393393743,0.495013741398487
159,h,10,00-20,25,26094497256.0,1071925000.0,2908832000.0,9096418100.0,7259511100.0,0.11784033981463539,0.40069254801470033
160,h,10,00-20,26,29100515014.0,1322198000.0,3553306000.0,10710971700.0,8479863700.0,0.1234433286757727,0.41902866905749914
161,h,10,00-20,27,26166413580.0,1137151000.0,3010562000.0,9129916800.0,7256505800.0,0.12455217554665997,0.41487763986904
162,h,10,00-20,28,27007454182.0,1340173000.0,3510462000.0,9991762700.0,7821473700.0,0.1341277850804043,0.4488236021301203
163,h,10,00-20,29,27902372018.0,1601062000.0,4073371000.0,10825448000.0,8353139000.0,0.14789798999542558,0.48764554259183285
164,h,10,00-20,30,28087470951.0,1367261000.0,3567467000.0,10180252300.0,7980046300.0,0.13430521756322286,0.44704840872915735
165,h,10,00-20,31,27695209340.0,1562478000.0,3927131000.0,10393918400.0,8029265400.0,0.1503261753526947,0.4891021537287832
166,h,10,00-20,32,28326689185.0,1881599000.0,4550286000.0,11049509100.0,8380822100.0,0.17028801759165935,0.542940292217872
167,h,10,00-20,33,28543247339.0,1535246000.0,3953758000.0,10849756400.0,8431244400.0,0.14150050410348383,0.46894121584234943
168,h,10,00-20,34,26356757136.0,1208957000.0,3159797000.0,9313524400.0,7362684400.0,0.12980660683081477,0.4291637164292958
169,h,10,00-20,35,27866689586.0,2034448000.0,4820500000.0,10993317600.0,8207265600.0,0.18506224181133454,0.5873454369504016
170,h,10,00-20,36,27742961024.0,1381268000.0,3581102000.0,10078128700.0,7878294700.0,0.1370559992947897,0.45455293770617644
171,h,10,00-20,37,26204609467.0,1376557000.0,3489881000.0,9597240600.0,7483916600.0,0.14343258206947526,0.4663174627039537
172,h,10,00-20,38,29383206851.0,1621091000.0,4147356000.0,11251127700.0,8724862700.0,0.14408253494447495,0.47534914217045504
173,h,10,00-20,39,27985319594.0,1802886000.0,4434710000.0,11045167300.0,8413343300.0,0.16322849179477797,0.5271043676537007
174,h,10,00-20,40,29502114243.0,2563066000.0,5921201000.0,12506535400.0,9148400400.0,0.20493813178668172,0.6472389424494362
175,h,10,00-20,41,26333129424.0,1275770000.0,3295839000.0,9397161000.0,7377092000.0,0.13576121554158752,0.446766693434215
176,h,10,00-20,42,28698618281.0,1747868000.0,4316601000.0,11063049600.0,8494316600.0,0.15799151799879846,0.5081751956361034
177,h,10,00-20,43,25510569363.0,998099000.0,2734205000.0,8788353600.0,7052247600.0,0.11357064649742814,0.3877068921970352
178,h,10,00-20,44,27868119281.0,1843679000.0,4534678000.0,11126898800.0,8435899800.0,0.165695674341893,0.5375452657699894
179,h,10,00-20,45,26474496544.0,1380496000.0,3477165000.0,9634209000.0,7537540000.0,0.14329105793739788,0.4613129747901835
180,h,10,00-20,46,30464743117.0,1822182000.0,4711036000.0,12265757300.0,9376903300.0,0.1485584587590038,0.5024085083611772
181,h,10,00-20,47,25834561829.0,1296690000.0,3281256000.0,9155386400.0,7170820400.0,0.14163137887877675,0.45758446272061143
182,h,10,00-20,48,28775490869.0,2115738000.0,5084346000.0,11815168700.0,8846560700.0,0.17906963952194774,0.5747257236363054
183,h,10,00-20,49,29141698010.0,2402636000.0,5619843000.0,12218311900.0,9001104900.0,0.19664222190955855,0.6243503505886261
184,h,10,00-20,50,29423878976.0,1843805000.0,4689443000.0,11884688500.0,9039050500.0,0.1551412138399757,0.5187981857165197
185,h,10,00-20,51,25407734874.0,1060243000.0,2793471000.0,8487739100.0,6754511100.0,0.12491465483428915,0.4135711613531881
186,h,10,00-20,52,27434325425.0,1241030000.0,3316077000.0,9964441200.0,7889394200.0,0.1245458701688159,0.4203208657009432
187,h,10,00-20,53,28310554412.0,1945605000.0,4730465000.0,11286646300.0,8501786300.0,0.17238114390100095,0.556408363263612
188,h,10,00-20,54,29149917673.0,1938619000.0,4781960000.0,11718435400.0,8875094400.0,0.1654332625326415,0.5388066632846181
189,h,10,00-20,55,28956210023.0,1954828000.0,4834874000.0,11719710200.0,8839664200.0,0.16679832236807357,0.5469522247236496
190,h,10,00-20,56,27979030686.0,1499198000.0,3847483000.0,10485430900.0,8137145900.0,0.14297915024169394,0.4728295457993447
191,h,10,00-20,57,26965126103.0,1124518000.0,3022140000.0,9398701700.0,7501079700.0,0.1196460996309735,0.40289399937984927
192,h,10,00-20,58,28332345061.0,2511003000.0,5694922000.0,11761188600.0,8577269600.0,0.21349908460782613,0.6639551122422455
193,h,10,00-20,59,26310177722.0,1036915000.0,2830497000.0,9030108500.0,7236526500.0,0.11482863135033206,0.391140279801366
194,h,10,00-20,60,28479439301.0,1554126000.0,3941708000.0,10653239600.0,8265657600.0,0.14588294813157118,0.47687772597790645
195,h,10,00-20,61,26873444515.0,1359537000.0,3450164000.0,9674596900.0,7583969900.0,0.14052647506171548,0.45492849332115626
196,h,10,00-20,62,28684102743.0,2063626000.0,4887860000.0,11396829600.0,8572595600.0,0.1810701811317772,0.5701727024193233
197,h,10,00-20,63,29075800762.0,1967585000.0,4890591000.0,11880539000.0,8957533000.0,0.16561411902271436,0.5459752143810132
198,h,10,00-20,64,29014610134.0,2386367000.0,5601323000.0,12141910000.0,8926954000.0,0.19653967127082972,0.6274618419675961
199,h,10,00-20,65,28580837811.0,1766424000.0,4347459000.0,11026366200.0,8445331200.0,0.16020001222161476,0.514776614089451
200,h,10,00-20,66,28010114367.0,1936102000.0,4619133000.0,11045210800.0,8362179800.0,0.1752888229168066,0.5523838413519881
201,h,10,00-20,67,24726508961.0,2722777000.0,5676829000.0,10361254200.0,7407202200.0,0.2627844995830717,0.7663931463893344
202,h,10,00-20,68,27604849468.0,1593755000.0,3974773000.0,10428073700.0,8047055700.0,0.15283311624466175,0.49394128090849426
203,h,10,00-20,69,28019194386.0,1548488000.0,3980902000.0,10764697800.0,8332283800.0,0.14384872002630672,0.4777684120648891
204,h,10,00-20,70,25010382400.0,934698000.0,2525201000.0,8349591600.0,6759088600.0,0.11194535550696874,0.3736008135771441
205,h,10,00-20,71,29099516945.0,1923140000.0,4762783000.0,11792892800.0,8953249800.0,0.16307618771875887,0.5319613666983803
206,h,10,00-20,72,27702472999.0,2445845000.0,5531232000.0,11481718000.0,8396331000.0,0.21302082144849752,0.6587677403380119
207,h,10,00-20,73,26174742241.0,1043589000.0,2858652000.0,9031962300.0,7216899300.0,0.11554399424364294,0.3961052913679979
208,h,10,00-20,74,26251379212.0,1277447000.0,3294009000.0,9469061800.0,7452499800.0,0.13490745197164095,0.4420005485944461
209,h,10,00-20,75,26376026318.0,1284042000.0,3354987000.0,9626771400.0,7555826400.0,0.13338241313177956,0.44402648001547523
210,h,10,00-20,76,27886949946.0,1746579000.0,4360502000.0,10955192900.0,8341269900.0,0.1594293241518367,0.5227623673944419
211,h,10,00-20,77,29554490928.0,2127188000.0,5129372000.0,12017647600.0,9015463600.0,0.17700535668894135,0.5689526604045076
212,h,10,00-20,78,27723133455.0,1221405000.0,3295753000.0,10058989400.0,7984641400.0,0.12142422577759153,0.41276155495223615
213,h,10,00-20,79,28453404064.0,2015017000.0,4850305000.0,11369578700.0,8534290700.0,0.17722881851374142,0.5683313552935336
214,h,10,00-20,80,27841771654.0,1208790000.0,3266300000.0,10006503400.0,7948993400.0,0.12080043864273309,0.41090737350467543
215,h,10,00-20,81,28366422619.0,2698166000.0,6112434000.0,12255408200.0,8841140200.0,0.22016125093246589,0.6913626366879693
216,h,10,00-20,82,28395503660.0,1664411000.0,4179841000.0,10903573000.0,8388143000.0,0.15264821907460976,0.4983034981640156
217,h,10,00-20,83,26989251898.0,1493017000.0,3795989000.0,10158015000.0,7855043000.0,0.1469792080440913,0.4832550248292721
218,h,10,00-20,84,27406666642.0,1515257000.0,3829109000.0,10265925600.0,7952073600.0,0.14760062161370038,0.48152333499528976
219,h,10,00-20,85,26500874422.0,1553405000.0,3794294000.0,9840712600.0,7599823600.0,0.1578549301399169,0.4992607986322209
220,h,10,00-20,86,28532175335.0,1941706000.0,4737422000.0,11448697200.0,8652981200.0,0.16960060748222078,0.5474901528735553
221,h,10,00-20,87,26608815725.0,1265954000.0,3312248000.0,9598390900.0,7552096900.0,0.13189231540882546,0.4385865334964121
222,h,10,00-20,88,27053616378.0,2428017000.0,5506219000.0,11301447000.0,8223245000.0,0.21484124997445017,0.6695919919691071
223,h,10,00-20,89,27294459175.0,1393733000.0,3510839000.0,9740665100.0,7623559100.0,0.14308396661743356,0.4605249272613365
224,h,10,00-20,90,28597530470.0,1493488000.0,3862644000.0,10739456800.0,8370300800.0,0.13906550655336683,0.46147015409529846
225,h,10,00-20,91,27915191236.0,1583152000.0,4030447000.0,10730932000.0,8283637000.0,0.14753164030859575,0.4865552413752558
226,h,10,00-20,92,25882663739.0,1397579000.0,3489267000.0,9375170100.0,7283482100.0,0.14907238856391522,0.4790657754207977
227,h,10,00-20,93,25635295399.0,1258916000.0,3265118000.0,9290091400.0,7283889400.0,0.13551169152114048,0.44826573011940574
228,h,10,00-20,94,27074218913.0,1823690000.0,4297104000.0,10360240600.0,7886826600.0,0.17602776522390803,0.5448457558328974
229,h,10,00-20,95,27398097797.0,1489742000.0,3823591000.0,10361915600.0,8028066600.0,0.14377090660726863,0.4762779372059519
230,h,10,00-20,96,29299428668.0,1842400000.0,4635648000.0,11763562800.0,8970314800.0,0.15661921743640456,0.516776512681584
231,h,10,00-20,97,27268782298.0,2162772000.0,5020101000.0,11101168700.0,8243839700.0,0.194823811658677,0.608951797061265
232,h,10,00-20,98,27607469285.0,1604871000.0,3929884000.0,10353442500.0,8028429500.0,0.15500844284401058,0.48949598423950785
233,h,10,00-20,99,28227113586.0,1591248000.0,4048488000.0,10733993000.0,8276753000.0,0.14824380824544975,0.4891396420794483
234,h,10,00-20,100,26637495183.0,1481421000.0,3796510000.0,10162733900.0,7847644900.0,0.1457699290935877,0.4837769863924399
235,h,10,00-20,101,26637019541.0,1203612000.0,3214599000.0,9583868900.0,7572881900.0,0.12558727717988713,0.42448819913591945
236,h,10,00-20,102,27754237299.0,1476389000.0,3779074000.0,10323903200.0,8021218200.0,0.14300686197832618,0.4711346712897051
237,h,10,00-20,103,27839262676.0,1458051000.0,3757123000.0,10387364400.0,8088292400.0,0.14036775295954765,0.4645137458185859
238,h,10,00-20,104,28313965351.0,1594953000.0,4094507000.0,10937431800.0,8437877800.0,0.14582518356823035,0.4852531758637225
239,h,10,00-20,105,27620203850.0,1496511000.0,3838401000.0,10468476900.0,8126586900.0,0.14295403374296026,0.4723263341957249
240,h,10,00-20,106,28128402920.0,1560946000.0,3963130000.0,10637781900.0,8235597900.0,0.14673604090341427,0.48121946313090397
241,h,10,00-20,107,27049151240.0,1252780000.0,3299736000.0,9738922800.0,7691966800.0,0.1286364031964603,0.4289846908855613
242,h,10,00-20,108,26861244447.0,1470316000.0,3751127000.0,10079315300.0,7798504300.0,0.14587459130284375,0.48100595392375434
243,h,10,00-20,109,27702918877.0,1430584000.0,3676681000.0,10241636700.0,7995539700.0,0.13968314263676235,0.45984150388247086
244,h,10,00-20,110,28860575453.0,1694792000.0,4321954000.0,11347681600.0,8720519600.0,0.14935138821660277,0.49560739477037585
245,h,10,00-20,111,25499467402.0,1068292000.0,2830766000.0,8653350100.0,6890876100.0,0.12345415216703182,0.4107991435225486
246,h,10,00-20,112,28532868506.0,1979697000.0,4813075000.0,11514452200.0,8681074200.0,0.17193149666295024,0.5544331138190248
247,h,10,00-20,113,27847403073.0,1277644000.0,3432771000.0,10234866700.0,8079739700.0,0.1248325002610928,0.42486158310273286
248,h,10,00-20,114,26597076457.0,1030783000.0,2806365000.0,9006726700.0,7231144700.0,0.11444590630245281,0.3880941561022835
249,h,10,00-20,115,26583834683.0,1312308000.0,3406325000.0,9748182800.0,7654165800.0,0.1346207828601655,0.44502890177790505
250,h,10,00-20,116,27690988582.0,1966806000.0,4677564000.0,10954245700.0,8243487700.0,0.17954736947337233,0.5674253629322453
251,h,10,00-20,117,27724089593.0,1362033000.0,3571477000.0,10232996400.0,8023552400.0,0.1331020696929005,0.445124157224922
252,h,10,00-20,118,27895153779.0,1568946000.0,3972723000.0,10600519900.0,8196742900.0,0.14800651428426637,0.48467092947370594
253,h,10,00-20,119,29417236225.0,1872555000.0,4726232000.0,11864832300.0,9011155300.0,0.15782397531231857,0.5244867991565965
254,h,10,00-20,120,29912706871.0,2198218000.0,5338495000.0,12457209700.0,9316932700.0,0.17646150726675172,0.5729884686190767
255,h,10,00-20,121,29146590891.0,3019274000.0,6703745000.0,12763758100.0,9079287100.0,0.23655055010796547,0.7383558781834314
256,h,10,00-20,122,28499309668.0,2098837000.0,4929569000.0,11248298300.0,8417566300.0,0.18659151313581362,0.5856287701588997
257,h,10,00-20,123,29485970659.0,1945453000.0,4765374000.0,11828425900.0,9008504900.0,0.16447268778172758,0.5289861139998936
258,h,10,00-20,124,29210397718.0,2305718000.0,5478220000.0,12195408900.0,9022906900.0,0.1890644273518373,0.6071457968828206
259,h,10,00-20,125,26456030017.0,2005735000.0,4671804000.0,10479145700.0,7813076700.0,0.19140253007456515,0.5979467730042891
260,h,10,00-20,126,27888932517.0,1450911000.0,3674252000.0,10183378600.0,7960037600.0,0.14247835192928995,0.46158726687421675
261,h,10,00-20,127,28715523951.0,1537759000.0,3940125000.0,10777236700.0,8374870700.0,0.14268583337322452,0.47046995006143794
262,h,10,00-20,128,26734371516.0,1345099000.0,3470576000.0,9776582100.0,7651105100.0,0.1375837676441136,0.45360453877440526
263,h,10,00-20,129,27869247839.0,1688933000.0,4200761000.0,10713553900.0,8201725900.0,0.1576445142073724,0.5121801254050687
264,h,10,00-20,130,30268540329.0,2978418000.0,6770580000.0,13406002200.0,9613840200.0,0.22217048420296395,0.7042534366235877
265,h,10,00-20,131,29135092413.0,2064313000.0,5028902000.0,11887362300.0,8922773300.0,0.17365610199329082,0.5636030223921524
266,h,10,00-20,132,30652653991.0,2674898000.0,6182013000.0,13137042500.0,9629927500.0,0.2036149308339377,0.6419584155747797
267,n,10,00-20,0,26149701322.0,1560439000.0,3948192000.0,10079234800.0,7691481800.0,0.1548172089412978,0.5133200731229709
268,n,10,00-20,1,24885751896.0,1451231000.0,3570336000.0,9188295500.0,7069190500.0,0.15794344010812453,0.5050558476249862
269,n,10,00-20,2,24953982349.0,901530000.0,2519921000.0,8438622900.0,6820231900.0,0.10683378208546326,0.36947731938557693
270,n,10,00-20,3,26851350230.0,2149442000.0,4996479000.0,10959514400.0,8112477400.0,0.19612566045809474,0.6159005139416475
271,n,10,00-20,4,24667781591.0,979072000.0,2665483000.0,8460621800.0,6774210800.0,0.11572104546736742,0.3934750598549428
272,n,10,00-20,5,23458139904.0,854826000.0,2321012000.0,7540651400.0,6074465400.0,0.11336235487560133,0.3820932126800821
273,n,10,00-20,6,25005916181.0,949101000.0,2595370000.0,8445915600.0,6799646600.0,0.11237396215515107,0.38169189557586714
274,n,10,00-20,7,25097944666.0,1008566000.0,2715406000.0,8490015700.0,6783175700.0,0.11879436218239267,0.40031485547396334
275,n,10,00-20,8,25244146240.0,1049204000.0,2806651000.0,8697483200.0,6940036200.0,0.12063305853812974,0.40441446112341606
276,n,10,00-20,9,25148775194.0,1002401000.0,2726889000.0,8583766300.0,6859278300.0,0.11677869188959629,0.3975475087517589
277,n,10,00-20,10,25423682636.0,1255681000.0,3191633000.0,9061542300.0,7125590300.0,0.13857254741281735,0.44791138216296267
278,n,10,00-20,11,27239237895.0,1572024000.0,4003626000.0,10613648800.0,8182046800.0,0.14811343672875252,0.48931839402336347
279,n,10,00-20,12,25060168543.0,1509905000.0,3621720000.0,9083270800.0,6971455800.0,0.16622921778353233,0.5195069873354142
280,n,10,00-20,13,27156183903.0,1302593000.0,3445322000.0,9981417500.0,7838688500.0,0.1305018049791024,0.43952786234585034
281,n,10,00-20,14,24481192514.0,931074000.0,2552666000.0,8211282300.0,6589690300.0,0.11338959811429208,0.3873726812320755
282,n,10,00-20,15,25614553567.0,1084506000.0,2896766000.0,8892523900.0,7080263900.0,0.12195705203558688,0.40913249010393526
283,n,10,00-20,16,23564628803.0,897188000.0,2350360000.0,7461275300.0,6008103300.0,0.12024593168409159,0.39119833375701113
284,n,10,00-20,17,25988601461.0,1284241000.0,3335314000.0,9450328900.0,7399255900.0,0.1358937888394551,0.45076343419883613
285,n,10,00-20,18,24608467556.0,1173476000.0,3026862000.0,8661826600.0,6808440600.0,0.13547673651190384,0.4445749295367283
286,n,10,00-20,19,27402384364.0,2216620000.0,5170171000.0,11224206300.0,8270655300.0,0.1974856787869268,0.6251222923049399
287,n,10,00-20,20,26985544557.0,1409060000.0,3593313000.0,9938268700.0,7754015700.0,0.14178123398897435,0.4634131705459405
288,n,10,00-20,21,25786237908.0,1386635000.0,3447519000.0,9304116200.0,7243232200.0,0.14903457461118122,0.47596416969761096
289,n,10,00-20,22,25057731707.0,1319720000.0,3330065000.0,9111410400.0,7101065400.0,0.14484255917173922,0.46895287008622677
290,n,10,00-20,23,25883772049.0,1471882000.0,3654276000.0,9593596000.0,7411202000.0,0.15342338785164603,0.49307467263744803
291,n,10,00-20,24,26382797997.0,1393002000.0,3569398000.0,9722786600.0,7546390600.0,0.14327188874020952,0.47299406950920353
292,n,10,00-20,25,26392795191.0,1368086000.0,3546465000.0,9857314100.0,7678935100.0,0.1387889222278105,0.46184333554271084
293,n,10,00-20,26,25372068265.0,1301417000.0,3283123000.0,9116075800.0,7134369800.0,0.1427606602393543,0.46018402354192517
294,n,10,00-20,27,24242629453.0,890675000.0,2472703000.0,8169804900.0,6587776900.0,0.10902035126934304,0.3753471068517818
295,n,10,00-20,28,25203487614.0,1005691000.0,2739530000.0,8703279700.0,6969440700.0,0.11555310580217248,0.3930774531161446
296,n,10,00-20,29,26448326778.0,1406715000.0,3596563000.0,9894004100.0,7704156100.0,0.14217853416899232,0.4668341286594647
297,n,10,00-20,30,19429081353.0,588898000.0,1538765400.0,4906914200.0,3957046800.0,0.1200139183195826,0.38886712181417715
298,n,10,00-20,31,19336696753.0,353939800.0,1057406500.0,4462027300.0,3758560600.0,0.07932264331955119,0.2813328325742573
299,n,10,00-20,32,24913043269.0,1057338000.0,2667142000.0,7908349500.0,6298545500.0,0.13369894691679976,0.42345363703413746
300,n,10,00-20,33,20143410025.0,455974700.0,1327361100.0,5073825100.0,4202438700.0,0.08986803664162567,0.315854958217475
301,n,10,00-20,34,18098203101.0,320566300.0,949829600.0,3906769100.0,3277505800.0,0.08205406866763638,0.28980256877043514
302,n,10,00-20,35,17403829313.0,234226000.0,738242200.0,3372400100.0,2868383900.0,0.06945379938756377,0.25737217392692796
303,n,10,00-20,36,17657969813.0,243378600.0,754319600.0,3412399900.0,2901458900.0,0.0713218283707018,0.25997941931901913
304,n,10,00-20,37,21945927730.0,588617000.0,1653096800.0,6027253500.0,4962773700.0,0.09765924064750221,0.3330993714261039
305,n,10,00-20,38,25986147238.0,1559206000.0,3816963000.0,9633234400.0,7375477400.0,0.16185695637178724,0.5175208048227495
306,n,10,00-20,39,19090343788.0,329667400.0,1001419500.0,4248397800.0,3576645700.0,0.0775980535532713,0.2799884539863705
307,n,10,00-20,40,20908914952.0,378040000.0,1151829400.0,4872653400.0,4098864000.0,0.077584012029257,0.2810118608472982
308,n,10,00-20,41,25760503699.0,1128524000.0,2971915000.0,8906409900.0,7063018900.0,0.12670919176985107,0.4207712087532429
309,n,10,00-20,42,22679652685.0,651081000.0,1833620000.0,6532012500.0,5349473500.0,0.09967540631620041,0.34276644234240994
310,n,10,00-20,43,18971480515.0,323233600.0,966466900.0,4120674600.0,3477441300.0,0.078441913370204,0.27792472010958175
311,n,10,00-20,44,22061825289.0,503228000.0,1478565700.0,5758341300.0,4783003600.0,0.0873911381390332,0.3091291212910649
312,n,10,00-20,45,22367014058.0,779546000.0,2033536000.0,6454125000.0,5200135000.0,0.12078260027501792,0.39105446300913344
313,n,10,00-20,46,19288240298.0,402385100.0,1159160500.0,4517084600.0,3760309200.0,0.08908070926986844,0.30826201738942105
314,n,10,00-20,47,23168359592.0,673879000.0,1923719000.0,6929744300.0,5679904300.0,0.0972444250215697,0.338688628961583
315,n,10,00-20,48,23816420986.0,756404000.0,2089674000.0,7096855600.0,5763585600.0,0.10658297739635565,0.36256492833211323
316,n,10,00-20,49,23039762148.0,754465000.0,2092344000.0,7018510700.0,5680631700.0,0.10749645220317182,0.3683294588522611
317,n,10,00-20,50,23653990056.0,1276982000.0,3060771000.0,8128802700.0,6345013700.0,0.15709349176355333,0.4823899749814567
318,n,10,00-20,51,26184691209.0,1502421000.0,3750709000.0,9808595500.0,7560307500.0,0.15317391771329544,0.4961053502122764
319,n,10,00-20,52,25820053679.0,1511590000.0,3791155000.0,9813219500.0,7533654500.0,0.1540360938629774,0.5032292096750653
320,n,10,00-20,53,26074444568.0,1740033000.0,4185696000.0,10092671800.0,7647008800.0,0.17240558639784562,0.5473638267553713
321,n,10,00-20,54,24480329022.0,784494000.0,2216337000.0,7784147600.0,6352304600.0,0.10078097696914175,0.3489028218199738
322,n,10,00-20,55,24784892832.0,976253000.0,2601440000.0,8226258300.0,6601071300.0,0.11867521835534875,0.3940936071997889
323,n,10,00-20,56,26294356091.0,1471945000.0,3708275000.0,9875666700.0,7639336700.0,0.14904765872667614,0.48541845262560557
324,n,10,00-20,57,24528208800.0,1203949000.0,3068445000.0,8628489700.0,6763993700.0,0.13953183487024387,0.4536439766346914
325,n,10,00-20,58,27276527778.0,1833594000.0,4440607000.0,10695061500.0,8088048500.0,0.17144305341301683,0.5490331814899478
326,n,10,00-20,59,25619445378.0,1254177000.0,3251624000.0,9292406500.0,7294959500.0,0.13496794398738368,0.4457357165588102
327,n,10,00-20,60,26310311584.0,1667680000.0,4016194000.0,9954210200.0,7605696200.0,0.16753514005561185,0.528050804869119
328,n,10,00-20,61,27740292919.0,1616357000.0,4129430000.0,10827204700.0,8314131700.0,0.14928663905282957,0.4966760389422265
329,n,10,00-20,62,27190166363.0,1549497000.0,3911520000.0,10347025200.0,7985002200.0,0.14975289709355302,0.48985834969463127
330,n,10,00-20,63,25885772299.0,2374028000.0,5298102000.0,10781858400.0,7857784400.0,0.22018727309570305,0.6742488378785246
331,n,10,00-20,64,25812464938.0,1112445000.0,3025546000.0,9292854000.0,7379753000.0,0.11970972534379642,0.409979304185384
332,n,10,00-20,65,24461906795.0,1002958000.0,2652238000.0,8196580900.0,6547300900.0,0.1223629721021847,0.40508875955281054
333,n,10,00-20,66,24848892829.0,1092156000.0,2902438000.0,8644468100.0,6834186100.0,0.12634160799320898,0.42469402464764605
334,n,10,00-20,67,25429428451.0,1131094000.0,2958618000.0,8816768300.0,6989244300.0,0.1282889559431884,0.4233101424141091
335,n,10,00-20,68,27452765331.0,1842355000.0,4504574000.0,10918243200.0,8256024200.0,0.16874097473850005,0.5456105615581892
336,n,10,00-20,69,24217578020.0,1179584000.0,2976147000.0,8472153100.0,6675590100.0,0.1392307228253465,0.44582530614035154
337,n,10,00-20,70,25146721078.0,1304503000.0,3327893000.0,9214610200.0,7191220200.0,0.14156898356915845,0.4627716726015426
338,n,10,00-20,71,27913058366.0,1970367000.0,4802712000.0,11389856700.0,8557511700.0,0.17299313344302217,0.561227628821121
339,n,10,00-20,72,26986407899.0,1418792000.0,3639495000.0,9955495900.0,7734792900.0,0.14251344325298754,0.47053554594848945
340,n,10,00-20,73,27159835850.0,1773990000.0,4311479000.0,10454481900.0,7916992900.0,0.16968703154959788,0.5445854321784221
341,n,10,00-20,74,26623439551.0,1719322000.0,4180849000.0,10250445900.0,7788918900.0,0.16773143498079435,0.5367688447751073
342,n,10,00-20,75,26549407894.0,1421694000.0,3641917000.0,9945715100.0,7725492100.0,0.14294537755259046,0.4714155361054605
343,n,10,00-20,76,27214624704.0,1595396000.0,4025299000.0,10507890100.0,8077987100.0,0.1518283865568788,0.49830470761707457
344,n,10,00-20,77,25051448402.0,1283019000.0,3262638000.0,9006291000.0,7026672000.0,0.14245808846283115,0.46432194358865764
345,n,10,00-20,78,26950797556.0,1736875000.0,4201602000.0,10432490100.0,7967763100.0,0.16648709784062005,0.5273251660808038
346,n,10,00-20,79,26354106533.0,1269182000.0,3278702000.0,9413960200.0,7404440200.0,0.1348191380711382,0.44280214458346223
347,n,10,00-20,80,26051511809.0,1187554000.0,3143532000.0,9310318900.0,7354340900.0,0.1275524515062529,0.42743898368921135
348,n,10,00-20,81,26467081498.0,1401468000.0,3611683000.0,9845606800.0,7635391800.0,0.14234450232158366,0.47301868648050255
349,n,10,00-20,82,25805189927.0,1174382000.0,3055185000.0,8954078800.0,7073275800.0,0.13115609391331245,0.43193353212665625
350,n,10,00-20,83,27596956990.0,1660423000.0,4189978000.0,10825164500.0,8295609500.0,0.1533854751121796,0.5050838036674701
351,n,10,00-20,84,24601474894.0,1258867000.0,3097656000.0,8486962300.0,6648173300.0,0.14832951478999737,0.465940922448577
352,n,10,00-20,85,26094434024.0,1506909000.0,3782956000.0,9884995600.0,7608948600.0,0.1524440739255362,0.4971719745879214
353,n,10,00-20,86,25725447059.0,1255842000.0,3244397000.0,9242940100.0,7254385100.0,0.13587040340118617,0.44723252974259664
354,n,10,00-20,87,28330967898.0,2247175000.0,5256834000.0,11605036300.0,8595377300.0,0.19363791218817644,0.611588510489237
355,n,10,00-20,88,23299959525.0,841182000.0,2319580000.0,7541434100.0,6063036100.0,0.11154138441652629,0.38257730314355215
356,n,10,00-20,89,25704034831.0,1203425000.0,3154131000.0,9142579500.0,7191873500.0,0.13162860656557593,0.43856875402494216
357,n,10,00-20,90,27020517420.0,1511574000.0,3872354000.0,10410826300.0,8050046300.0,0.14519250983949275,0.4810349972769722
358,n,10,00-20,91,26125573319.0,1227391000.0,3229980000.0,9407922700.0,7405333700.0,0.1304635506837232,0.43616940584325053
359,n,10,00-20,92,27048144089.0,1465548000.0,3770559000.0,10258516200.0,7953505200.0,0.14286159629986256,0.47407512853578065
360,n,10,00-20,93,25410410115.0,1324857000.0,3386628000.0,9271109100.0,7209338100.0,0.14290167289693528,0.4697557463701141
361,n,10,00-20,94,23250614348.0,821016000.0,2247159000.0,7410521200.0,5984378200.0,0.1107905878469115,0.37550417518732354
362,n,10,00-20,95,26163885878.0,1495240000.0,3686086000.0,9695330000.0,7504484000.0,0.1542227030952015,0.4911844705112304
363,n,10,00-20,96,25772904093.0,1065712000.0,2884736000.0,9010210600.0,7191186600.0,0.11827825644830099,0.40114881735929364
364,n,10,00-20,97,24670881328.0,961487000.0,2637059000.0,8463367000.0,6787795000.0,0.11360573161957882,0.38850009465518626
365,n,10,00-20,98,25221888410.0,1248508000.0,3223754000.0,9091186700.0,7115940700.0,0.1373316863022954,0.4530327241203682
366,n,10,00-20,99,25526974260.0,1138171000.0,2996220000.0,8868091700.0,7010042700.0,0.12834452309508707,0.4274182238576093
367,n,10,00-20,100,27287730463.0,1426758000.0,3650202000.0,10087817800.0,7864373800.0,0.14143375983654263,0.46414401105908776
368,n,10,00-20,101,26372353108.0,1409056000.0,3606724000.0,9830145000.0,7632477000.0,0.1433403067808257,0.472549606110834
369,n,10,00-20,102,24694629364.0,1042268000.0,2823279000.0,8634422700.0,6853411700.0,0.12071079170122168,0.41195234192628466
370,n,10,00-20,103,24713036875.0,929161000.0,2602252000.0,8539457200.0,6866366200.0,0.10880796966814238,0.3789853212314834
371,n,10,00-20,104,26054832760.0,1288005000.0,3339340000.0,9391066900.0,7339731900.0,0.13715214828253433,0.45496757177193353
372,n,10,00-20,105,25278143794.0,1002001000.0,2745325000.0,8739149900.0,6995825900.0,0.11465657546393615,0.3924232877207536
373,n,10,00-20,106,26168961358.0,1241754000.0,3280420000.0,9549930900.0,7511264900.0,0.13002753768616274,0.4367333656412517
374,n,10,00-20,107,26341890304.0,1555128000.0,3865837000.0,9964135500.0,7653426500.0,0.15607254638397883,0.5051119260111795
375,n,10,00-20,108,24556485558.0,1038647000.0,2745471000.0,8292133900.0,6585309900.0,0.12525690160406117,0.41690839788724293
376,n,10,00-20,109,24528789886.0,957171000.0,2607530000.0,8302423600.0,6652064600.0,0.11528814309113306,0.3919880754014325
377,n,10,00-20,110,24348494100.0,1055481000.0,2746875000.0,8227586600.0,6536192600.0,0.12828561415567477,0.4202561289274126
378,n,10,00-20,111,26499586506.0,1615730000.0,3977355000.0,10137748100.0,7776123100.0,0.15937760378954374,0.5114830293774542
379,n,10,00-20,112,27141707636.0,1387395000.0,3612454000.0,10108822300.0,7883763300.0,0.1372459579193513,0.45821441645768335
380,n,10,00-20,113,26121104571.0,1147868000.0,3056035000.0,9191705700.0,7283538700.0,0.12488084774080614,0.4195810753363609
381,n,10,00-20,114,27139437409.0,2139581000.0,4998296000.0,11030435300.0,8171720300.0,0.19397067675107982,0.611657743596535
382,n,10,00-20,115,26550643776.0,1587842000.0,3919892000.0,9946206900.0,7614156900.0,0.15964296901967723,0.5148162891153452
383,n,10,00-20,116,25143559522.0,1129128000.0,2976086000.0,8735751500.0,6888793500.0,0.1292536766871173,0.43201846593311294
384,n,10,00-20,117,25716005193.0,1494676000.0,3742482000.0,9692524300.0,7444718300.0,0.15420915684472414,0.5027029699699987
385,n,10,00-20,118,27426444660.0,1548816000.0,3938894000.0,10460123500.0,8070045500.0,0.14806861505985086,0.4880882022288474
386,n,10,00-20,119,25005175380.0,1191846000.0,3080754000.0,8865920300.0,6977012300.0,0.13443003768035225,0.44155777108204325
387,n,10,00-20,120,25690334638.0,1457536000.0,3623293000.0,9504082200.0,7338325200.0,0.15335894296032077,0.4937493094473382
388,n,10,00-20,121,25767228031.0,1354009000.0,3400677000.0,9222460600.0,7175792600.0,0.146816458071938,0.47390959989562687
389,n,10,00-20,122,25043680884.0,1144783000.0,2995250000.0,8800600900.0,6950133900.0,0.13008009487170358,0.43096292000935404
390,n,10,00-20,123,24232761402.0,902098000.0,2486933000.0,8065180700.0,6480345700.0,0.11185093472239252,0.3837654833753699
391,n,10,00-20,124,26339449898.0,1197322000.0,3185288000.0,9468866200.0,7480900200.0,0.12644829641800198,0.4257893989816894
392,n,10,00-20,125,25044350357.0,912115000.0,2513625000.0,8293489600.0,6691979600.0,0.10997963993347264,0.37561755268949115
393,n,10,00-20,126,26959217995.0,1392860000.0,3602956000.0,10048423800.0,7838327800.0,0.1386147745878314,0.4596587552768589
394,n,10,00-20,127,24680185834.0,1523065000.0,3634633000.0,9141868300.0,7030300300.0,0.1666032532977969,0.5169954119883043
395,n,10,00-20,128,24809555874.0,1020467000.0,2717627000.0,8433237200.0,6736077200.0,0.1210053714604399,0.40344356504702766
396,f,10,00-20,0,22845768556.0,794422000.0,2232458000.0,7542489000.0,6104453000.0,0.10532623912345115,0.3657097531916455
397,f,10,00-20,1,22585429806.0,762286000.0,2108248000.0,7118635500.0,5772673500.0,0.10708316221556785,0.3652117168933944
398,f,10,00-20,2,22639511361.0,718898000.0,2043039000.0,7154155000.0,5830014000.0,0.10048678005997913,0.3504346644793649
399,f,10,00-20,3,22530281994.0,828479000.0,2285445000.0,7402482100.0,5945516100.0,0.11191908184418305,0.3843980844657035
400,f,10,00-20,4,23215624841.0,898611000.0,2467723000.0,7841776700.0,6272664700.0,0.1145927809956639,0.3934090403397459
401,f,10,00-20,5,22192645205.0,793862000.0,2150862000.0,7010186200.0,5653186200.0,0.1132440676112141,0.3804689822528754
402,f,10,00-20,6,22765353810.0,867645000.0,2371228000.0,7559078800.0,6055495800.0,0.11478184352304939,0.39158279987577566
403,f,10,00-20,7,23257271491.0,949886000.0,2533837000.0,7854177600.0,6270226600.0,0.12094022421901944,0.40410612911501476
404,f,10,00-20,8,24377247345.0,1157487000.0,3040445000.0,8686877900.0,6803919900.0,0.13324545519397712,0.4468666657877616
405,f,10,00-20,9,22990016752.0,896980000.0,2411430000.0,7625080800.0,6110630800.0,0.11763547476113302,0.3946286527407285
406,f,10,00-20,10,24183207597.0,1121326000.0,2934723000.0,8585103400.0,6771706400.0,0.13061298714235636,0.4333801300068178
407,f,10,00-20,11,24282228208.0,1050433000.0,2823499000.0,8530292800.0,6757226800.0,0.12314149404109552,0.4178487837643691
408,f,10,00-20,12,24702500633.0,1273648000.0,3254987000.0,8978337300.0,6996998300.0,0.14185789166107626,0.4651976262449571
409,f,10,00-20,13,23374081549.0,1036118000.0,2712928000.0,8095692100.0,6418882100.0,0.1279838693470074,0.42264804957237023
410,f,10,00-20,14,23723034504.0,1064585000.0,2790705000.0,8251907600.0,6525787600.0,0.12901077564174374,0.42764263427758514
411,f,10,00-20,15,23961897801.0,1123871000.0,2966363000.0,8578286000.0,6735794000.0,0.1310134681916644,0.4403880225553216
412,f,10,00-20,16,24742988554.0,1511134000.0,3746923000.0,9415822800.0,7180033800.0,0.16048878914756126,0.5218531143962024
413,f,10,00-20,17,22049251105.0,887263000.0,2282641000.0,7110443400.0,5715065400.0,0.12478307611590017,0.39940767781939995
414,f,10,00-20,18,22276198357.0,804180000.0,2193970000.0,7241032300.0,5851242300.0,0.11105875055964051,0.3749579811453031
415,f,10,00-20,19,22755561335.0,834914000.0,2304971000.0,7511099200.0,6041042200.0,0.11115736562233128,0.38155187858148054
416,f,10,00-20,20,21907576848.0,723782000.0,1992588000.0,6720012800.0,5451206800.0,0.10770544960866742,0.36553153698003166
417,f,10,00-20,21,22426951226.0,803431000.0,2193331000.0,7177661800.0,5787761800.0,0.11193492008776451,0.3789601361963445
418,f,10,00-20,22,21598338056.0,861138000.0,2273628000.0,7029766400.0,5617276400.0,0.12249880735724021,0.4047562979097842
419,f,10,00-20,23,23083372259.0,911130000.0,2452771000.0,7714241900.0,6172600900.0,0.11811011526615467,0.3973642617976484
420,f,10,00-20,24,22189202271.0,715334000.0,2023087000.0,6984174300.0,5676421300.0,0.10242212884062758,0.3564018407160864
421,f,10,00-20,25,22209723050.0,874366000.0,2315849000.0,7252177100.0,5810694100.0,0.12056600217333358,0.3985494607262151
422,f,10,00-20,26,24597874724.0,944005000.0,2606211000.0,8380273000.0,6718067000.0,0.11264609160107314,0.3879406085113471
423,f,10,00-20,27,23225229383.0,1086192000.0,2762388000.0,7944363500.0,6268167500.0,0.13672486159526814,0.44070105018731554
424,f,10,00-20,28,23008480781.0,933486000.0,2491994000.0,7705471600.0,6146963600.0,0.1211458621169923,0.4054024331622852
425,f,10,00-20,29,21670624928.0,693034000.0,1920951000.0,6629879800.0,5401962800.0,0.10453191021653213,0.35560241177521623
426,f,10,00-20,30,23496020087.0,867470000.0,2397848000.0,7810558700.0,6280180700.0,0.11106375783335448,0.38181194372321164
427,f,10,00-20,31,24855423515.0,1302111000.0,3333726000.0,9142874800.0,7111259800.0,0.1424181155800143,0.46879541653083745
428,f,10,00-20,32,23051065363.0,851043000.0,2359968000.0,7692148000.0,6183223000.0,0.11063788684253086,0.38167279426926704
429,f,10,00-20,33,24148860296.0,1090628000.0,2885245000.0,8515235300.0,6720618300.0,0.12807960808787044,0.4293124339467397
430,f,10,00-20,34,21780706428.0,724304000.0,2017445000.0,6833017900.0,5539876900.0,0.10600060040820324,0.3641678391806865
431,f,10,00-20,35,22307752213.0,945399000.0,2441531000.0,7304740500.0,5808608500.0,0.129422667376069,0.4203297571182496
432,f,10,00-20,36,24292814144.0,1254932000.0,3211231000.0,8811923200.0,6855624200.0,0.14241295248692135,0.46840825960092736
433,f,10,00-20,37,22188894399.0,726326000.0,2046654000.0,7007481900.0,5687153900.0,0.10365007150428744,0.3598731520172155
434,f,10,00-20,38,23105129434.0,849815000.0,2330685000.0,7541781200.0,6060911200.0,0.11268094067751527,0.38454366399560513
435,f,10,00-20,39,23633732873.0,1007650000.0,2678941000.0,8131792200.0,6460501200.0,0.12391487327971809,0.4146645774169967
436,f,10,00-20,40,23771457291.0,1073104000.0,2844005000.0,8353522900.0,6582621900.0,0.12846125076163975,0.43204744905673526
437,f,10,00-20,41,22611546321.0,779038000.0,2155625000.0,7181516400.0,5804929400.0,0.10847820385120892,0.3713438788764597
438,f,10,00-20,42,23601702151.0,1007851000.0,2681299000.0,8099227000.0,6425779000.0,0.12443792475504144,0.417272209330573
439,f,10,00-20,43,22971618682.0,879293000.0,2398745000.0,7619132000.0,6099680000.0,0.11540592812934597,0.3932575151483356
440,f,10,00-20,44,23088166404.0,938967000.0,2538999000.0,7870238300.0,6270206300.0,0.11930604439258212,0.40493069582096525
441,f,10,00-20,45,22736044366.0,888991000.0,2405628000.0,7564607400.0,6047970400.0,0.11751978033916208,0.3977578990796648
442,f,10,00-20,46,23758331032.0,1229956000.0,3112547000.0,8551823200.0,6669232200.0,0.14382383396326529,0.4667024488965911
443,f,10,00-20,47,21734097314.0,722577000.0,1999887000.0,6748460400.0,5471150400.0,0.10707286657561182,0.36553317927432594
444,f,10,00-20,48,23001189158.0,910921000.0,2462209000.0,7705347500.0,6154059500.0,0.11821932755141802,0.4000950917032895
445,f,10,00-20,49,22825636501.0,842411000.0,2303707000.0,7396415200.0,5935119200.0,0.11389449851327979,0.38814839641299875
446,f,10,00-20,50,21793511289.0,700203000.0,1971634000.0,6832388200.0,5560957200.0,0.10248290634305586,0.35454939304334154
447,f,10,00-20,51,23435122214.0,995647000.0,2635952000.0,7928217400.0,6287912400.0,0.12558270664979496,0.41920940247195554
448,f,10,00-20,52,22900941597.0,866834000.0,2357239000.0,7455240100.0,5964835100.0,0.11627177506999406,0.39518929869494634
449,f,10,00-20,53,23425224423.0,1027287000.0,2711268000.0,8045111300.0,6361130300.0,0.1276908375400599,0.42622425137243297
450,f,10,00-20,54,22790707359.0,877086000.0,2384451000.0,7513424400.0,6006059400.0,0.11673585216349551,0.3970075620630725
451,f,10,00-20,55,23023635459.0,905492000.0,2426667000.0,7647656300.0,6126481300.0,0.11840124143654311,0.3960947371209637
452,f,10,00-20,56,22787831291.0,925245000.0,2461092000.0,7581802200.0,6045955200.0,0.12203496946939607,0.4070642137738632
453,f,10,00-20,57,22520198300.0,860014000.0,2339007000.0,7433612000.0,5954619000.0,0.115692613496642,0.39280548428035444
454,f,10,00-20,58,22583530571.0,889754000.0,2393484000.0,7509036600.0,6005306600.0,0.1184910991111696,0.39856149892496745
455,f,10,00-20,59,25288481169.0,1520110000.0,3760458000.0,9641683000.0,7401335000.0,0.1576602342142964,0.5080783399211088
456,f,10,00-20,60,21801885734.0,689461000.0,1907701000.0,6647807200.0,5429567200.0,0.10371254449136251,0.35135415581558693
457,f,10,00-20,61,24694022354.0,1247520000.0,3203512000.0,8937750400.0,6981758400.0,0.1395787467951667,0.45884028298658974
458,f,10,00-20,62,24189872083.0,1162832000.0,3018637000.0,8659727500.0,6803922500.0,0.13428043780823357,0.4436612850895935
459,f,10,00-20,63,23070535656.0,969922000.0,2548506000.0,7728461000.0,6149877000.0,0.12550001869712482,0.41439950750234517
460,f,10,00-20,64,22240424499.0,790863000.0,2151569000.0,7039336100.0,5678630100.0,0.11234908928414428,0.37888873938099965
461,f,10,00-20,65,20710552577.0,646883000.0,1770900000.0,6103852400.0,4979835400.0,0.10597946306827472,0.3556141634721501
462,f,10,00-20,66,21608084564.0,656755000.0,1867705000.0,6571809100.0,5360859100.0,0.09993519136153849,0.3483965844205829
463,f,10,00-20,67,22773799963.0,1002827000.0,2603517000.0,7676166900.0,6075476900.0,0.13064163573619014,0.42852882874099973
464,f,10,00-20,68,24567608125.0,1267619000.0,3230858000.0,8921350400.0,6958111400.0,0.1420882426050657,0.46432973177175635
465,f,10,00-20,69,21730863122.0,847659000.0,2251998000.0,7039396600.0,5635057600.0,0.12041642887403162,0.39964063543911243
466,f,10,00-20,70,22031945978.0,790450000.0,2153559000.0,7032524600.0,5669415600.0,0.11239918023180466,0.3798555533660295
467,f,10,00-20,71,22770546756.0,826381000.0,2244446000.0,7335146700.0,5917081700.0,0.11266045981057202,0.3793163782071828
468,f,10,00-20,72,21878126797.0,903039000.0,2341323000.0,7097753800.0,5659469800.0,0.12722884245435506,0.41370006073713833
469,f,10,00-20,73,23463195118.0,1137821000.0,2920239000.0,8279705600.0,6497287600.0,0.13742288131597336,0.4494550926143396
470,f,10,00-20,74,22035223802.0,681755000.0,1944863000.0,6828749600.0,5565641600.0,0.09983599340060734,0.34944093417729233
471,f,10,00-20,75,23923341993.0,1023406000.0,2765192000.0,8393306900.0,6651520900.0,0.12193120211057694,0.4157232671403017
472,f,10,00-20,76,22404990011.0,793651000.0,2176161000.0,7179460200.0,5796950200.0,0.11054466183961853,0.37539756681021685
473,f,10,00-20,77,22909779331.0,874508000.0,2352824000.0,7486095500.0,6007779500.0,0.11681763878112429,0.39162955298209595
474,f,10,00-20,78,23959229513.0,1129322000.0,2938442000.0,8495877200.0,6686757200.0,0.1329258855106804,0.43944200635847824
475,f,10,00-20,79,22980601034.0,905554000.0,2422675000.0,7568944500.0,6051823500.0,0.1196407240137644,0.40032148987821603
476,f,10,00-20,80,22734290605.0,836654000.0,2281874000.0,7412481300.0,5967261300.0,0.11287097614667845,0.38239887366755665
477,f,10,00-20,81,23172438166.0,948811000.0,2533069000.0,7813083800.0,6228825800.0,0.12143873332063838,0.4066687817790634
478,f,10,00-20,82,23527056550.0,856067000.0,2358778000.0,7711745200.0,6209034200.0,0.11100820602838382,0.37989450919758183
479,f,10,00-20,83,20428800175.0,605148000.0,1707659400.0,6030931100.0,4928419700.0,0.10034072516596981,0.34649228433203444
480,p,30,00-20,0,92251093710.0,9197410000.0,20639078000.0,40626124000.0,29184456000.0,0.22639152088444373,0.7071941995423865
481,p,30,00-20,1,86644195300.0,4537253000.0,11849575000.0,32790042000.0,25477720000.0,0.13837289381941018,0.4650955815512534
482,p,30,00-20,2,89811173390.0,5757850000.0,14901128000.0,36828522000.0,27685244000.0,0.15634214156082615,0.5382335803144809
483,p,30,00-20,3,89354978180.0,5975110000.0,15644363000.0,37727834000.0,28058581000.0,0.15837405349058734,0.5575607333813496
484,p,30,00-20,4,93293669760.0,6621450000.0,16302518000.0,38888782000.0,29207714000.0,0.17026632513201365,0.5581579578600365
485,p,30,00-20,5,85989796910.0,5168556000.0,12747658000.0,32649473000.0,25070371000.0,0.1583044234741553,0.5084750441068463
486,p,30,00-20,6,90951697990.0,5491510000.0,14111991000.0,36009588000.0,27389107000.0,0.1525013282573519,0.5152410043890807
487,p,30,00-20,7,88064537900.0,4952996000.0,12942093000.0,34624792000.0,26635695000.0,0.14304767520336295,0.4858928216440382
488,p,30,00-20,8,82384643050.0,4359574000.0,11165512000.0,30374386000.0,23568448000.0,0.14352797123207692,0.47374829263259083
489,p,30,00-20,9,89381210640.0,5775830000.0,15106458000.0,37115125000.0,27784497000.0,0.15561930614540567,0.5437009710847024
490,p,30,00-20,10,93014499520.0,9177190000.0,20769611000.0,41026562000.0,29434141000.0,0.22368898471190446,0.7056299349792474
491,p,30,00-20,11,88163614400.0,3973993000.0,10610891000.0,31885551000.0,25248653000.0,0.12463303519515784,0.4202557261173497
492,p,30,00-20,12,83730736610.0,4240545000.0,10811566000.0,30311582000.0,23740561000.0,0.1398985048025537,0.4554048238371452
493,p,30,00-20,13,93503620870.0,5570750000.0,14182357000.0,36946543000.0,28334936000.0,0.15077865336413207,0.5005254643949081
494,p,30,00-20,14,81222211710.0,3605187000.0,9386685000.0,28103148000.0,22321650000.0,0.12828409827966603,0.4205193164483808
495,p,30,00-20,15,94070132000.0,6823530000.0,16339452000.0,38262757000.0,28746835000.0,0.17833346405226366,0.5683913376898709
496,p,30,00-20,16,89116581420.0,4306619000.0,11369261000.0,33021187000.0,25958545000.0,0.1304198725503114,0.43797759080872983
497,p,30,00-20,17,85649810820.0,4566243000.0,11682348000.0,32204479000.0,25088374000.0,0.14178906604885613,0.465647873393469
498,p,30,00-20,18,81222211710.0,3605187000.0,9386685000.0,28103148000.0,22321650000.0,0.12828409827966603,0.4205193164483808
499,p,30,00-20,19,94070132000.0,6823530000.0,16339452000.0,38262757000.0,28746835000.0,0.17833346405226366,0.5683913376898709
500,p,30,00-20,20,89116581420.0,4306619000.0,11369261000.0,33021187000.0,25958545000.0,0.1304198725503114,0.43797759080872983
501,p,30,00-20,21,85649810820.0,4566243000.0,11682348000.0,32204479000.0,25088374000.0,0.14178906604885613,0.465647873393469
502,p,30,00-20,22,90369561540.0,6074630000.0,15117184000.0,37073677000.0,28031123000.0,0.16385291375333502,0.5392999773858507
503,p,30,00-20,23,82590458180.0,5084148000.0,12220942000.0,30812322000.0,23675528000.0,0.16500372805399086,0.516184559854378
504,p,30,00-20,24,95951779700.0,9197020000.0,21119303000.0,42416345000.0,30494062000.0,0.21682726316942208,0.6925709995605046
505,p,30,00-20,25,89174685530.0,4537185000.0,11766025000.0,33082528000.0,25853688000.0,0.1371474695041443,0.455100448338357
506,p,30,00-20,26,94510855890.0,10549720000.0,23537486000.0,43409314000.0,30421548000.0,0.2430289499622132,0.7737109893290112
507,p,30,00-20,27,92979520770.0,6441220000.0,15826310000.0,38123822000.0,28738732000.0,0.16895525322723415,0.550696182420296
508,p,30,00-20,28,98143482410.0,10919420000.0,24254764000.0,45048390000.0,31713046000.0,0.24239312437137042,0.7648197527288927
509,p,30,00-20,29,88144897050.0,4290691000.0,11293384000.0,32614872000.0,25612179000.0,0.13155627285613752,0.44093803967245426
510,p,30,00-20,30,82593682340.0,4261782000.0,10904616000.0,30282232000.0,23639398000.0,0.1407353988966203,0.4612899194810291
511,h,30,00-20,0,83018181560.0,4068214000.0,10526616000.0,30102223000.0,23643821000.0,0.1351466302006998,0.4452163632942408
512,h,30,00-20,1,93971922340.0,8483240000.0,19882268000.0,41473805000.0,30074777000.0,0.20454453118058494,0.6610944446903131
513,h,30,00-20,2,83244474220.0,3863225000.0,10107127000.0,29835932000.0,23592030000.0,0.12948229671524925,0.4284127732967447
514,h,30,00-20,3,87228741030.0,6788630000.0,16178574000.0,36358336000.0,26968392000.0,0.18671454051142494,0.5999087376066026
515,h,30,00-20,4,88376754480.0,9348880000.0,20741297000.0,39129571000.0,27737154000.0,0.2389210962726885,0.7477802877685288
516,h,30,00-20,5,87205975240.0,5548320000.0,13747430000.0,34357701000.0,26158591000.0,0.16148694000218466,0.52554168533007
517,h,30,00-20,6,90086076100.0,6168990000.0,15057963000.0,36307999000.0,27419026000.0,0.16990718766958213,0.5491793545109881
518,h,30,00-20,7,85207524060.0,5194456000.0,12884738000.0,33103830000.0,25413548000.0,0.15691404891820673,0.5070027215404949
519,h,30,00-20,8,89093195510.0,5096399000.0,13027431000.0,34628764000.0,26697732000.0,0.14717242001476,0.4879602132495749
520,h,30,00-20,9,80666604390.0,3283808000.0,8751646000.0,27302469000.0,21834631000.0,0.1202751296961458,0.40081492561060456
521,h,30,00-20,10,84442963520.0,9886130000.0,21345024000.0,37961824000.0,26502930000.0,0.2604229449038065,0.805383555704973
522,h,30,00-20,11,85714068620.0,6384560000.0,15139339000.0,34638193000.0,25883414000.0,0.1843213934398945,0.5849050283706778
523,h,30,00-20,12,93458453530.0,6355850000.0,15794874000.0,38420258000.0,28981234000.0,0.1654296543245493,0.545003501231176
524,h,30,00-20,13,86807767370.0,5094802000.0,12715218000.0,33404676000.0,25784260000.0,0.15251762956778867,0.4931387598480623
525,h,30,00-20,14,88040926020.0,5840780000.0,14151354000.0,34666794000.0,26356220000.0,0.16848341960897797,0.5369265395417097
526,h,30,00-20,15,83153011030.0,5356160000.0,12810435000.0,31758843000.0,24304568000.0,0.1686509801380359,0.5270793128271196
527,h,30,00-20,16,85126162920.0,4545015000.0,11549329000.0,31631564000.0,24627250000.0,0.14368606623434743,0.46896543463033835
528,h,30,00-20,17,89603399240.0,6149300000.0,14871918000.0,35856797000.0,27134179000.0,0.17149607646215584,0.5480880036945286
529,h,30,00-20,18,87635946460.0,7094160000.0,16489496000.0,36031938000.0,26636602000.0,0.19688532989815868,0.619054036997662
530,h,30,00-20,19,86128348630.0,5595950000.0,13751591000.0,34035839000.0,25880198000.0,0.16441345841364452,0.5313557106479634
531,h,30,00-20,20,89817245520.0,5680680000.0,14223488000.0,35787528000.0,27244720000.0,0.15873351185362677,0.5220640182758347
532,h,30,00-20,21,81536067500.0,3411990000.0,9243359000.0,28824320000.0,22992951000.0,0.11837191649273947,0.4020083807424284
533,h,30,00-20,22,73985486240.0,6917130000.0,14508637000.0,28514560000.0,20923053000.0,0.2425823859810567,0.6934282965301479
534,h,30,00-20,23,86877182100.0,6252870000.0,15158153000.0,35579470000.0,26674187000.0,0.17574376459233373,0.5682704781217887
535,h,30,00-20,24,89348572810.0,6336190000.0,15377453000.0,36243827000.0,27202564000.0,0.1748212185208808,0.5652942494685428
536,h,30,00-20,25,93202206980.0,6247920000.0,15374225000.0,37479310000.0,28353005000.0,0.16670317569880555,0.5422432295977093
537,n,30,00-20,0,83470787110.0,4824099000.0,12096904000.0,31716623000.0,24443818000.0,0.1521000202322927,0.4948860280337548
538,n,30,00-20,1,82968036050.0,5235690000.0,12753007000.0,31807890000.0,24290573000.0,0.16460349932045162,0.5250187799192716
539,n,30,00-20,2,83992646680.0,6498670000.0,15288513000.0,34189079000.0,25399236000.0,0.1900802885038231,0.601928065867808
540,n,30,00-20,3,79917568670.0,3894785000.0,10031921000.0,28534041000.0,22396905000.0,0.13649608900470844,0.44791550439670125
541,n,30,00-20,4,84157542380.0,4485226000.0,11485862000.0,31541823000.0,24541187000.0,0.14219932690637443,0.46802389794756055
542,n,30,00-20,5,79814304640.0,3593456000.0,9413839000.0,27947057000.0,22126674000.0,0.12858083768892017,0.425452058452165
543,n,30,00-20,6,83699520210.0,6882350000.0,15704897000.0,33852893000.0,25030346000.0,0.20330167941629096,0.6274342751794162
544,n,30,00-20,7,81465471650.0,4585236000.0,11651273000.0,30932585000.0,23866548000.0,0.14823319809838073,0.48818425689379125
545,n,30,00-20,8,84944895300.0,5214040000.0,12778974000.0,32365324000.0,24800390000.0,0.16109957681869647,0.5152731065922753
546,n,30,00-20,9,76894898650.0,3355824000.0,8838496000.0,26512618000.0,21029946000.0,0.126574599309657,0.42028144057050837
547,n,30,00-20,10,80546858930.0,4491112000.0,11267916000.0,29841867000.0,23065063000.0,0.150497018165787,0.48852743216005956
548,n,30,00-20,11,85507483710.0,5416033000.0,13354745000.0,33336492000.0,25397780000.0,0.16246559476024053,0.5258233199909599
549,n,30,00-20,12,81187879080.0,3499089000.0,9374315000.0,28843770000.0,22968544000.0,0.12131177720526824,0.40813710263915726
550,n,30,00-20,13,83222499690.0,4786225000.0,12005203000.0,31656691000.0,24437713000.0,0.1511915758978094,0.4912572219830882
551,n,30,00-20,14,83476387410.0,4664017000.0,11932339000.0,32012412000.0,24744090000.0,0.14569402018192193,0.48222985771551913
552,n,30,00-20,15,80828885980.0,4826831000.0,11960217000.0,30993049000.0,23859663000.0,0.15573914654218113,0.5012735091857752
553,n,30,00-20,16,85331381530.0,6603080000.0,15560248000.0,34911093000.0,25953925000.0,0.18913988169892018,0.5995335194965694
554,n,30,00-20,17,85945708720.0,7890910000.0,17740549000.0,36112719000.0,26263080000.0,0.2185077783813509,0.6754938491601138
555,n,30,00-20,18,83343004530.0,4553639000.0,11586494000.0,31378143000.0,24345288000.0,0.14512136680618734,0.47592347233682347
556,n,30,00-20,19,84244087330.0,6918080000.0,15874002000.0,34288934000.0,25333012000.0,0.2017583865395174,0.6266132902001547
557,n,30,00-20,20,73908772710.0,2833368000.0,7605587000.0,24396015000.0,19623796000.0,0.11614060739018237,0.38756961191402517
558,n,30,00-20,21,80738673090.0,4249246000.0,10836803000.0,29758889000.0,23171332000.0,0.14278913436586965,0.4676814867613135
559,n,30,00-20,22,82736456310.0,4887325000.0,11842662000.0,30560874000.0,23605537000.0,0.15992098262634766,0.5016900060354483
560,n,30,00-20,23,83302393470.0,6190180000.0,14541985000.0,33205373000.0,24853568000.0,0.18642103493311157,0.5851065327923942
561,n,30,00-20,24,77154748760.0,4502724000.0,10722765000.0,27602849000.0,21382808000.0,0.16312533535940438,0.5014666455406606
562,n,30,00-20,25,81604257550.0,4226088000.0,10866142000.0,30145646000.0,23505592000.0,0.14018900109156726,0.46227901854163045
563,n,30,00-20,26,80404301820.0,4180589000.0,10736515000.0,29798875000.0,23242949000.0,0.14029351779219854,0.4619256790521719
564,n,30,00-20,27,81037068170.0,4183677000.0,10833588000.0,30042367000.0,23392456000.0,0.13925923346852132,0.46312315389200687
565,n,30,00-20,28,76557285360.0,3191562000.0,8335790000.0,25653339000.0,20509111000.0,0.12441117314202256,0.4064432631916615
566,n,30,00-20,29,84254384740.0,5747160000.0,13939025000.0,33462131000.0,25270266000.0,0.17175116551901612,0.5515978739598546
567,n,30,00-20,30,82946748940.0,5126458000.0,12681343000.0,32002131000.0,24447246000.0,0.16019114477095292,0.5187227632920289
568,n,30,00-20,31,79721052180.0,5473326000.0,12852458000.0,30098371000.0,22719239000.0,0.18184791462634306,0.565708120769362
569,n,30,00-20,32,82035029330.0,4610206000.0,11656380000.0,30886665000.0,23840491000.0,0.14926201970980033,0.48893204422677367
570,n,30,00-20,33,81263229190.0,4591681000.0,11377441000.0,29676785000.0,22891025000.0,0.15472299307354218,0.4970262799503299
571,n,30,00-20,34,83875143020.0,4561968000.0,11538250000.0,31127556000.0,24151274000.0,0.14655721766270374,0.4777491241248805
572,n,30,00-20,35,88845440670.0,6604680000.0,15948118000.0,36826423000.0,27482985000.0,0.17934622648526033,0.5802906052599454
573,n,30,00-20,36,86463162340.0,5594910000.0,13802620000.0,34132818000.0,25925108000.0,0.16391585365146236,0.5324035680005653
574,n,30,00-20,37,81342793200.0,5543150000.0,13352009000.0,31736282000.0,23927423000.0,0.17466286693570468,0.558021187655687
575,n,30,00-20,38,83763876150.0,5600730000.0,13569604000.0,32927184000.0,24958310000.0,0.17009441196064626,0.5436908188094466
576,n,30,00-20,39,82902229460.0,5860930000.0,13919545000.0,32564366000.0,24505751000.0,0.17997985896608582,0.5680113619043954
577,n,30,00-20,40,80253525080.0,4303281000.0,10798929000.0,29178374000.0,22682726000.0,0.1474818644794943,0.47608603128213073
578,n,30,00-20,41,80089729980.0,3561062000.0,9401927000.0,28076325000.0,22235460000.0,0.12683504696572645,0.4228348322904046
579,n,30,00-20,42,80213393380.0,4891712000.0,11823388000.0,30092993000.0,23161317000.0,0.16255318970765054,0.5104799524137595
580,n,30,00-20,43,81070748120.0,5278983000.0,12744609000.0,31215739000.0,23750113000.0,0.16911286322582336,0.5366125626433862
581,n,30,00-20,44,77967312090.0,3324450000.0,8847794000.0,26987674000.0,21464330000.0,0.12318401356115388,0.41220918612414176
582,n,30,00-20,45,86766320160.0,6062880000.0,14737991000.0,34977682000.0,26302571000.0,0.17333567158624177,0.560325110423616
583,n,30,00-20,46,75115108050.0,3082721000.0,8137617000.0,25150900000.0,20096004000.0,0.1225690134349069,0.40493707107144283
584,n,30,00-20,47,83502342280.0,5908820000.0,14109312000.0,33122586000.0,24922094000.0,0.17839247213366735,0.5661366978232246
585,f,30,00-20,0,76246360050.0,3953033000.0,10080419000.0,27744638000.0,21617252000.0,0.14247917020939324,0.46631361840071067
586,f,30,00-20,1,74520922710.0,3155720000.0,8359851000.0,25514553000.0,20310422000.0,0.12368313879533771,0.4116040031073702
587,f,30,00-20,2,74470626300.0,3394379000.0,8817824000.0,25959889000.0,20536444000.0,0.1307547578496965,0.4293744330810144
588,f,30,00-20,3,78246803330.0,4388896000.0,10982416000.0,29071057000.0,22477537000.0,0.15097132519123746,0.4885951694796454
589,f,30,00-20,4,70927504870.0,2862454000.0,7614127000.0,23612390000.0,18860717000.0,0.12122677966948708,0.4037029451213334
590,f,30,00-20,5,78012155840.0,3933357000.0,10189087000.0,28736009000.0,22480279000.0,0.13687902867792115,0.4532455758222574
591,f,30,00-20,6,73523210370.0,3307079000.0,8584032000.0,25557040000.0,20280087000.0,0.129399922682752,0.423273923824883
592,f,30,00-20,7,73696486350.0,3301776000.0,8620244000.0,25451711000.0,20133243000.0,0.12972707414444554,0.4281597356173568
593,f,30,00-20,8,75388085600.0,3387454000.0,8915377000.0,26222979000.0,20695056000.0,0.1291788396734025,0.43079743297143047
594,f,30,00-20,9,75591606310.0,3460920000.0,9054713000.0,26463950000.0,20870157000.0,0.13077866304916688,0.4338593619588008
595,f,30,00-20,10,74988630880.0,3409767000.0,8990622000.0,26507579000.0,20926724000.0,0.1286336636023984,0.42962395834149675
596,f,30,00-20,11,74415584160.0,3406600000.0,8814184000.0,25772257000.0,20364673000.0,0.13218089513852047,0.43281735974842317
597,f,30,00-20,12,76809928160.0,3512187000.0,9251288000.0,27117752000.0,21378651000.0,0.12951615605895356,0.43273488116719805
598,f,30,00-20,13,80743491920.0,5167057000.0,12771313000.0,31667771000.0,24063515000.0,0.16316453090430647,0.5307334776320085
599,f,30,00-20,14,75759325370.0,3157347000.0,8550091000.0,26583431000.0,21190687000.0,0.11877123761789815,0.4034834264693731
600,f,30,00-20,15,77959377040.0,4221429000.0,10618917000.0,28712199000.0,22314711000.0,0.14702562489205373,0.47587069355278677
601,f,30,00-20,16,76606004230.0,3739551000.0,9650915000.0,27380754000.0,21469390000.0,0.13657589560901062,0.44951975813006334
602,f,30,00-20,17,79521633800.0,3995396000.0,10442886000.0,29623253000.0,23175763000.0,0.1348736413249416,0.45059513250976896
603,f,30,00-20,18,76397941020.0,3511436000.0,9286597000.0,27351660000.0,21576499000.0,0.128381092774625,0.430403329103577
604,f,30,00-20,19,75201224230.0,3661031000.0,9501324000.0,27074021000.0,21233728000.0,0.13522302431544986,0.44746377084608036
605,f,30,00-20,20,77996715280.0,4249400000.0,10681581000.0,28575801000.0,22143620000.0,0.14870624274014227,0.48237736196701353
606,f,30,00-20,21,76983992310.0,4073883000.0,10268264000.0,27926505000.0,21732124000.0,0.1458787270372716,0.47249242641906514
607,f,30,00-20,22,76225810930.0,3594725000.0,9450184000.0,27462232000.0,21606773000.0,0.13089704434803406,0.43737137424454825
608,f,30,00-20,23,80449646050.0,4862086000.0,12098274000.0,30955485000.0,23719297000.0,0.15706702705514064,0.5100603951289113
609,f,30,00-20,24,77040131420.0,4161037000.0,10531207000.0,28374444000.0,22004274000.0,0.1466473492837428,0.4785982486856872
610,f,30,00-20,25,74923670370.0,3076480000.0,8235561000.0,25406085000.0,20247004000.0,0.12109225014401077,0.40675454995711957
611,f,30,00-20,26,72289189590.0,3107830000.0,8149702000.0,24417363000.0,19375491000.0,0.12727951007649763,0.42061912134252494
612,f,30,00-20,27,73820048690.0,3305832000.0,8575467000.0,25097994000.0,19828359000.0,0.13171698104637367,0.43248495752976834
613,f,30,00-20,28,74913240970.0,3565842000.0,9214214000.0,26492296000.0,20843924000.0,0.1345992057464555,0.4420575511597528
614,f,30,00-20,29,81958282080.0,5770190000.0,13992315000.0,32907081000.0,24684956000.0,0.17534797449825465,0.5668357278011757
615,f,30,00-20,30,70876222500.0,2859284000.0,7568941000.0,23268399000.0,18558742000.0,0.12288271315959469,0.4078369643804521
616,f,30,00-20,31,78402074550.0,4175644000.0,10684858000.0,29190868000.0,22681654000.0,0.14304624309218897,0.47107931370437095
617,f,30,00-20,32,71102626060.0,2497201000.0,6869549000.0,22866143000.0,18493795000.0,0.10920954181035254,0.3714515598339876
618,f,30,00-20,33,73672635460.0,2945024000.0,7849977000.0,24536193000.0,19631240000.0,0.12002774839601238,0.39987168411165064
619,f,30,00-20,34,79151838760.0,5202186000.0,12625955000.0,30832801000.0,23409032000.0,0.1687224589163988,0.5393625417744741
620,f,30,00-20,35,78081693620.0,4673338000.0,11497639000.0,29302234000.0,22477933000.0,0.1594874302075398,0.5115078419354662
621,f,30,00-20,36,74899790150.0,3427901000.0,8960582000.0,26223365000.0,20690684000.0,0.13071934132023103,0.43307326137695595
622,f,30,00-20,37,74755084260.0,3371936000.0,8827285000.0,26064380000.0,20609031000.0,0.1293695073506448,0.4283212053977696
623,f,30,00-20,38,78349028860.0,4527703000.0,11249432000.0,29337079000.0,22615350000.0,0.1543338039891429,0.49742462530980064
624,f,30,00-20,39,71595708140.0,2759233000.0,7443227000.0,23532750000.0,18848756000.0,0.11725076754735422,0.394892214637401
625,f,30,00-20,40,77716764560.0,4400914000.0,10972169000.0,29006031000.0,22434776000.0,0.15172410179110682,0.4890696925166536
626,f,30,00-20,41,78716477430.0,4622824000.0,11454913000.0,29658782000.0,22826693000.0,0.15586695367328302,0.5018209602240675
627,f,30,00-20,42,73470396310.0,3206842000.0,8448598000.0,25245312000.0,20003556000.0,0.12702722786709866,0.42235480531561487
628,f,30,00-20,43,76843968950.0,3513848000.0,9270983000.0,27259492000.0,21502357000.0,0.1289036494150368,0.43116124432312236
629,f,30,00-20,44,76404664450.0,3824046000.0,9740895000.0,27406136000.0,21489287000.0,0.13953247550110676,0.45329074901368294
630,f,30,00-20,45,76294977490.0,3901580000.0,10007408000.0,27873546000.0,21767718000.0,0.13997429677587486,0.45973620202172777
631,f,30,00-20,46,76781424640.0,3241150000.0,8732697000.0,26957345000.0,21465798000.0,0.12023253773693218,0.40681911755621664
632,f,30,00-20,47,77700840340.0,3882076000.0,10072489000.0,28304860000.0,22114447000.0,0.13715227702945712,0.4554709869073371
633,f,30,00-20,48,75569143290.0,3296043000.0,8744022000.0,26183680000.0,20735701000.0,0.12588157967100116,0.4216892402142566
634,f,30,00-20,49,71628110230.0,2805678000.0,7554639000.0,23766701000.0,19017740000.0,0.11805079720572073,0.39724168066237103
635,f,30,00-20,50,71963751770.0,2666941000.0,7258583000.0,23389661000.0,18798019000.0,0.11402221691028357,0.386135528429884
636,f,30,00-20,51,73945927430.0,3437384000.0,8821407000.0,25565822000.0,20181799000.0,0.1344523168470781,0.4370971586824346
637,f,30,00-20,52,74806805940.0,3793324000.0,9662085000.0,26763322000.0,20894561000.0,0.14173591753669443,0.46242105780542603
638,f,30,00-20,53,76880148260.0,4177935000.0,10575854000.0,28486734000.0,22088815000.0,0.14666247805030933,0.47878774846002375
639,f,30,00-20,54,78222816690.0,3977805000.0,10312244000.0,28798778000.0,22464339000.0,0.13812408984853455,0.4590495184389801
640,f,30,00-20,55,78147257320.0,4081957000.0,10512720000.0,29074069000.0,22643306000.0,0.14039854552178438,0.4642749605556715
641,f,30,00-20,56,72054427200.0,3157982000.0,8210951000.0,24551776000.0,19498807000.0,0.1286253996452232,0.42110017294904245
642,f,30,00-20,57,78361245150.0,4182497000.0,10720484000.0,29311582000.0,22773595000.0,0.1426909335702181,0.47074183939777625
643,f,30,00-20,58,78918521370.0,4937932000.0,11998945000.0,29966668000.0,22905655000.0,0.1647808158050805,0.5238420381342511
644,f,30,00-20,59,75453882220.0,3774227000.0,9584047000.0,27019560000.0,21209740000.0,0.13968499116936028,0.45187008421602526
645,f,30,00-20,60,77944406420.0,3835833000.0,9915591000.0,28214984000.0,22135226000.0,0.1359502100018912,0.44795526370501026
646,f,30,00-20,61,76667213640.0,4726379000.0,11510316000.0,28951421000.0,22167484000.0,0.1632520559180843,0.5192432303097636
647,f,30,00-20,62,74294310720.0,3264520000.0,8557185000.0,25421561000.0,20128896000.0,0.1284154029723037,0.4251194402315954
648,f,30,00-20,63,72645420930.0,3332970000.0,8679592000.0,25300066000.0,19953444000.0,0.13173760100072465,0.4349921747844633
649,f,30,00-20,64,73873164600.0,2938158000.0,7823229000.0,24501403000.0,19616332000.0,0.11991794918846076,0.3988120205143347
650,f,30,00-20,65,81568485670.0,5180505000.0,12914355000.0,32244770000.0,24510920000.0,0.16066186857589618,0.5268816919152769
651,f,30,00-20,66,72540382120.0,2892694000.0,7789040000.0,24276512000.0,19380166000.0,0.11915607975313752,0.4019078061560463
652,f,30,00-20,67,77409509790.0,4422097000.0,11053018000.0,28959801000.0,22328880000.0,0.15269776888314943,0.49500996019504784
653,f,30,00-20,68,74524047680.0,3365267000.0,8800713000.0,25896873000.0,20461427000.0,0.12994877798566645,0.43011237681516545
654,f,30,00-20,69,76420607600.0,3383672000.0,9012965000.0,27106527000.0,21477234000.0,0.12482868056095862,0.4196520371291759
655,f,30,00-20,70,77820029220.0,3858029000.0,9933432000.0,28148759000.0,22073356000.0,0.1370585822273728,0.4500191090108817
656,f,30,00-20,71,75922134300.0,3533139000.0,9268482000.0,26937998000.0,21202655000.0,0.13115818777624083,0.4371378018460424
657,f,30,00-20,72,72807572280.0,2989712000.0,7914993000.0,24336690000.0,19411409000.0,0.12284793042932297,0.40774953533769753
658,f,30,00-20,73,75685328760.0,3606836000.0,9377115000.0,26944291000.0,21174012000.0,0.13386271696664795,0.44285962433571874
659,f,30,00-20,74,74986472230.0,3299156000.0,8782564000.0,26195472000.0,20712064000.0,0.1259437508894667,0.42403132782903724
660,f,30,00-20,75,72902289080.0,3105473000.0,8177803000.0,24736256000.0,19663926000.0,0.1255433724489268,0.4158784466540405
661,f,30,00-20,76,76286193510.0,3301568000.0,8760548000.0,26457057000.0,20998077000.0,0.12478969221708976,0.4172071566362958
662,f,30,00-20,77,78831035150.0,4661995000.0,11590164000.0,29885845000.0,22957676000.0,0.15599341427354654,0.5048491842118514
663,f,30,00-20,78,77891034400.0,3893461000.0,10067023000.0,28220576000.0,22047014000.0,0.137965327142862,0.45661616579914177
664,f,30,00-20,79,77214615320.0,3968356000.0,10043684000.0,27705646000.0,21630318000.0,0.1432327547966216,0.4643336265329063
665,f,30,00-20,80,76014809120.0,4169991000.0,10485333000.0,27850600000.0,21535258000.0,0.14972715130015152,0.4868914502904957
666,f,30,00-20,81,75788914230.0,3430597000.0,8998518000.0,26713670000.0,21145749000.0,0.12842102938308364,0.4255473759761359
667,f,30,00-20,82,71127713500.0,2797919000.0,7540111000.0,23681652000.0,18939460000.0,0.11814712081741595,0.39811647216974505
668,f,30,00-20,83,74873802230.0,3126763000.0,8351460000.0,25662034000.0,20437337000.0,0.12184392710258275,0.40863738754222234
669,f,30,00-20,84,76294915960.0,3569891000.0,9349679000.0,27136430000.0,21356642000.0,0.1315534504722987,0.43778787882477027
670,f,30,00-20,85,71774316120.0,3452153000.0,8713139000.0,24709944000.0,19448958000.0,0.13970703454447328,0.4480002990391567
671,f,30,00-20,86,73960625820.0,2989202000.0,8005383000.0,24829778000.0,19813597000.0,0.12038778598825974,0.4040348150817845
672,f,30,00-20,87,75411556100.0,3556937000.0,9293778000.0,26906141000.0,21169300000.0,0.1321979617961565,0.43902150756047675
673,f,30,00-20,88,77825598740.0,4302805000.0,10872000000.0,29053425000.0,22484230000.0,0.14809975071785855,0.4835389070472949
674,f,30,00-20,89,74448605640.0,3064621000.0,8252115000.0,25511863000.0,20324369000.0,0.12012533149774283,0.40602072320178795
675,f,30,00-20,90,78057192090.0,4612753000.0,11567955000.0,29906519000.0,22951317000.0,0.15423904734616556,0.5040214032162076
676,f,30,00-20,91,77942919900.0,4174718000.0,10697038000.0,29043224000.0,22520904000.0,0.1437415488032596,0.474982620591074
677,f,30,00-20,92,79002301930.0,4234382000.0,10752272000.0,29344927000.0,22827037000.0,0.14429690010815158,0.47103231137707446
678,f,30,00-20,93,74801002100.0,3158599000.0,8394285000.0,25568419000.0,20332733000.0,0.12353517047729858,0.4128458776299281
679,f,30,00-20,94,75555881480.0,3629920000.0,9491061000.0,27297431000.0,21436290000.0,0.13297661600463428,0.4427566990370069
680,f,30,00-20,95,77228284380.0,3881687000.0,10015865000.0,28024952000.0,21890774000.0,0.13850824793562536,0.45753818480790126
681,f,30,00-20,96,77592236880.0,3960371000.0,10258438000.0,28601949000.0,22303882000.0,0.1384650745304105,0.4599395746444498
682,f,30,00-20,97,75621896890.0,3496927000.0,9125762000.0,26528116000.0,20899281000.0,0.13181965127112683,0.43665435188894774
683,f,30,00-20,98,76718721820.0,4132480000.0,10358887000.0,27857400000.0,21630993000.0,0.14834406656759067,0.4788909598371189
684,f,30,00-20,99,74139289520.0,3365747000.0,8816529000.0,26006102000.0,20555320000.0,0.12942143347742002,0.428917136780162
