,part,energy,angle,n,Q35,Q50,Q70,Q,QR35_70,QR70_150,QR50_200
0,p,10,00-20,0,6638755000.0,9312693000.0,12294381000.0,26789148417.0,5340296000.0,6557977900.0,11741271500.0
1,p,10,00-20,1,4902221000.0,7433032000.0,10688341000.0,32573439846.0,5417280000.0,8809426300.0,15282876600.0
2,p,10,00-20,2,4255926000.0,6441772000.0,9331204000.0,30904469941.0,4741578000.0,8355898400.0,14368918500.0
3,p,10,00-20,3,5649946000.0,8340468000.0,11649418000.0,31164168377.0,5632918000.0,8210576500.0,14429093300.0
4,p,10,00-20,4,1778271000.0,2976123000.0,4803048000.0,26400113314.0,2799413000.0,7094799700.0,11937547200.0
5,p,10,00-20,5,4082732000.0,6289913000.0,9256256000.0,31278337931.0,4829964000.0,8559562100.0,14729378300.0
6,p,10,00-20,6,4059325000.0,6270916000.0,9214724000.0,30453798807.0,4816202000.0,8289809900.0,14334343800.0
7,p,10,00-20,7,3799084000.0,5879541000.0,8691822000.0,30695523987.0,4565533000.0,8380389900.0,14369321700.0
8,p,10,00-20,8,3694755000.0,5750945000.0,8563938000.0,31011435451.0,4539900000.0,8493280200.0,14540442800.0
9,p,10,00-20,9,2366804000.0,3889264000.0,6156136000.0,30075478404.0,3513023000.0,8231057000.0,13861898900.0
10,p,10,00-20,10,2718395000.0,4371166000.0,6766459000.0,29630111857.0,3759570000.0,8173669800.0,13813704300.0
11,p,10,00-20,11,1826319000.0,2984873000.0,4718415000.0,26093016921.0,2679297000.0,6869973200.0,11585555100.0
12,p,10,00-20,12,2347242000.0,3892891000.0,6247178000.0,32103211148.0,3609663000.0,8924301100.0,14907887400.0
13,p,10,00-20,13,3231019000.0,5152067000.0,7863509000.0,31190039217.0,4310833000.0,8622616600.0,14677819100.0
14,p,10,00-20,14,1754000000.0,2904825000.0,4669565000.0,26481510454.0,2696967000.0,7099334700.0,11906483700.0
15,p,10,00-20,15,3007954000.0,4778304000.0,7266285000.0,29101451502.0,3963534000.0,7963874100.0,13573914000.0
16,p,10,00-20,16,1499140000.0,2565139000.0,4249829000.0,26400525202.0,2539439000.0,7026824000.0,11775905300.0
17,p,10,00-20,17,3540827000.0,5554486000.0,8338718000.0,31054640613.0,4470658000.0,8505033100.0,14559345500.0
18,p,10,00-20,18,4857226000.0,7136059000.0,9999890000.0,28527315303.0,4820350000.0,7526696500.0,13121618400.0
19,p,10,00-20,19,3846022000.0,5921250000.0,8715010000.0,30798386998.0,4543796000.0,8363625600.0,14341583000.0
20,p,10,00-20,20,3439059000.0,5461593000.0,8298241000.0,32124608920.0,4523954000.0,8856134000.0,15106904100.0
21,p,10,00-20,21,3047931000.0,4862480000.0,7439666000.0,30509911835.0,4084596000.0,8373858600.0,14239272800.0
22,p,10,00-20,22,4170837000.0,6365557000.0,9254622000.0,30752517711.0,4752358000.0,8285809900.0,14299532800.0
23,p,10,00-20,23,3540238000.0,5579483000.0,8407754000.0,31187180622.0,4535029000.0,8584864300.0,14694261600.0
24,p,10,00-20,24,2106880000.0,3453314000.0,5455636000.0,27464630654.0,3104732000.0,7416570200.0,12519291600.0
25,p,10,00-20,25,4183606000.0,6122994000.0,8510804000.0,22489938571.0,4062355000.0,5884165200.0,10359485900.0
26,p,10,00-20,26,2201467000.0,3622153000.0,5736601000.0,28069743283.0,3277211000.0,7660657500.0,12911411800.0
27,p,10,00-20,27,2038592000.0,3338453000.0,5267779000.0,26561138631.0,2993806000.0,7140715900.0,12047206100.0
28,p,10,00-20,28,3516628000.0,5560425000.0,8403566000.0,31497663640.0,4551994000.0,8686416400.0,14851616000.0
29,p,10,00-20,29,2828987000.0,4496647000.0,6852735000.0,27880046230.0,3743689000.0,7617346500.0,12976810900.0
30,p,10,00-20,30,4398957000.0,6839432000.0,10123685000.0,33226011285.0,5344656000.0,9205160300.0,15867048100.0
31,p,10,00-20,31,3110253000.0,4894864000.0,7403453000.0,29972481864.0,3995142000.0,8199044300.0,13931990500.0
32,p,10,00-20,32,2420046000.0,3831965000.0,5907629000.0,28125969258.0,3234546000.0,7590919300.0,12778271700.0
33,p,10,00-20,33,6144061000.0,8805961000.0,11830363000.0,27418129439.0,5362529000.0,6886069500.0,12258396400.0
34,p,10,00-20,34,2627352000.0,4262037000.0,6649854000.0,30301985026.0,3734154000.0,8348784300.0,14092048000.0
35,p,10,00-20,35,2267295000.0,3702360000.0,5824231000.0,27952705645.0,3298833000.0,7623262300.0,12857875700.0
36,p,10,00-20,36,2133447000.0,3517763000.0,5602469000.0,28743590548.0,3213151000.0,7850641700.0,13174824100.0
37,p,10,00-20,37,1761537000.0,2920850000.0,4680352000.0,26183471019.0,2701947000.0,6938139700.0,11696254600.0
38,p,10,00-20,38,3108528000.0,4929312000.0,7490911000.0,29361040091.0,4078597000.0,8065154100.0,13763803300.0
39,p,10,00-20,39,3043689000.0,4806075000.0,7269566000.0,29509142403.0,3934426000.0,8020382700.0,13650296100.0
40,p,10,00-20,40,2982564000.0,4865851000.0,7631392000.0,33016879779.0,4314478000.0,9253430600.0,15624385900.0
41,p,10,00-20,41,2697972000.0,4190811000.0,6267892000.0,27072820531.0,3323483000.0,7131438100.0,12138375900.0
42,p,10,00-20,42,6308823000.0,9260329000.0,12736061000.0,30784863418.0,6050971000.0,7994806600.0,14199971400.0
43,p,10,00-20,43,3284562000.0,5153185000.0,7759291000.0,30687976560.0,4166517000.0,8383273000.0,14268510800.0
44,p,10,00-20,44,4500015000.0,6845038000.0,9913001000.0,31800811399.0,5061631000.0,8569292200.0,14824034200.0
45,p,10,00-20,45,2458807000.0,4022651000.0,6336021000.0,29406130475.0,3596400000.0,8127877700.0,13711310300.0
46,p,10,00-20,46,2880176000.0,4585482000.0,6993721000.0,28965315663.0,3827306000.0,7899908100.0,13446248800.0
47,p,10,00-20,47,2904558000.0,4584916000.0,7007962000.0,30687130042.0,3811184000.0,8403655300.0,14172705300.0
48,p,10,00-20,48,2381153000.0,3812995000.0,5874207000.0,27086098393.0,3245392000.0,7244749200.0,12307015200.0
49,p,10,00-20,49,3134923000.0,4961227000.0,7525397000.0,30302509925.0,4086397000.0,8296936700.0,14115443700.0
50,p,10,00-20,50,3459775000.0,5396688000.0,8051306000.0,29805977500.0,4280499000.0,8128724300.0,13910837300.0
51,p,10,00-20,51,3261572000.0,5169788000.0,7844874000.0,30088751946.0,4266856000.0,8280695400.0,14150613600.0
52,p,10,00-20,52,2274228000.0,3612158000.0,5546864000.0,26789071938.0,3038908000.0,7099059500.0,12014442100.0
53,p,10,00-20,53,3201604000.0,4977068000.0,7422351000.0,28928105429.0,3932922000.0,7851702800.0,13371759300.0
54,p,10,00-20,54,1763654000.0,2972515000.0,4838655000.0,27351478653.0,2843739000.0,7353661900.0,12356310900.0
55,p,10,00-20,55,4648537000.0,6777915000.0,9369743000.0,25557103804.0,4434001000.0,6635586800.0,11617276800.0
56,p,10,00-20,56,1689238000.0,2890652000.0,4786512000.0,28588552342.0,2859823000.0,7799544500.0,13022345700.0
57,p,10,00-20,57,2309202000.0,3775595000.0,5953241000.0,28671655284.0,3378700000.0,7876614300.0,13261677300.0
58,p,10,00-20,58,2262221000.0,3666487000.0,5733624000.0,27858634974.0,3219991000.0,7561105400.0,12741452800.0
59,p,10,00-20,59,3106539000.0,4690191000.0,6801172000.0,25943329862.0,3448756000.0,6825355200.0,11660372000.0
60,p,10,00-20,60,2702371000.0,4395461000.0,6865193000.0,29966094245.0,3865146000.0,8293215900.0,14043203500.0
61,p,10,00-20,61,2748582000.0,4487549000.0,7037421000.0,30570253204.0,3980683000.0,8519954900.0,14416559500.0
62,p,10,00-20,62,1459756000.0,2491482000.0,4116397000.0,25752378311.0,2453113000.0,6821708000.0,11458019300.0
63,p,10,00-20,63,1889877000.0,3130909000.0,5000562000.0,26725960742.0,2881389000.0,7125945800.0,12030973500.0
64,p,10,00-20,64,3485749000.0,5470771000.0,8199900000.0,29785467696.0,4394826000.0,8193979800.0,14046771400.0
65,p,10,00-20,65,3329910000.0,5289284000.0,8036429000.0,30857058591.0,4381826000.0,8523464100.0,14549481800.0
66,p,10,00-20,66,2631428000.0,4254495000.0,6614552000.0,29449705314.0,3698662000.0,8127091400.0,13728364800.0
67,p,10,00-20,67,2407782000.0,3892417000.0,6048859000.0,28298280121.0,3381195000.0,7658656600.0,12965166600.0
68,p,10,00-20,68,2179078000.0,3579392000.0,5673551000.0,28853581752.0,3238410000.0,7816128600.0,13159344100.0
69,p,10,00-20,69,2377953000.0,3858633000.0,6029696000.0,28772670289.0,3388660000.0,7797634900.0,13176551900.0
70,p,10,00-20,70,4685226000.0,7101597000.0,10203565000.0,30439048224.0,5167820000.0,8181693600.0,14269735700.0
71,p,10,00-20,71,3009407000.0,4671657000.0,7018782000.0,28713233697.0,3729253000.0,7793655800.0,13219934300.0
72,p,10,00-20,72,2064896000.0,3368952000.0,5302624000.0,27089753435.0,3001944000.0,7255955400.0,12250436000.0
73,p,10,00-20,73,2284660000.0,3716704000.0,5828396000.0,27534916613.0,3287101000.0,7487632300.0,12653736000.0
74,p,10,00-20,74,4486582000.0,6824725000.0,9836506000.0,29962852563.0,5008879000.0,8060284400.0,14037628100.0
75,p,10,00-20,75,3175622000.0,5013809000.0,7587222000.0,30174145675.0,4106815000.0,8250020900.0,14051127000.0
76,p,10,00-20,76,3475369000.0,5431334000.0,8113802000.0,30106422150.0,4324068000.0,8207530900.0,14055268700.0
77,p,10,00-20,77,2958319000.0,4736151000.0,7271101000.0,29715687205.0,4010156000.0,8195489600.0,13934202000.0
78,p,10,00-20,78,3321789000.0,5330626000.0,8192664000.0,32630236549.0,4530092000.0,9115003500.0,15481530100.0
79,p,10,00-20,79,3116394000.0,4942426000.0,7503815000.0,30339497781.0,4084097000.0,8268597400.0,14084028100.0
80,p,10,00-20,80,2135396000.0,3521009000.0,5599248000.0,28241042399.0,3209697000.0,7714628300.0,12985023700.0
81,p,10,00-20,81,2270984000.0,3669803000.0,5710743000.0,27244883127.0,3192761000.0,7333913800.0,12399605100.0
82,p,10,00-20,82,2159530000.0,3535941000.0,5566902000.0,26995076646.0,3160997000.0,7279803500.0,12333369200.0
83,p,10,00-20,83,2555712000.0,4089430000.0,6302293000.0,27894633056.0,3480290000.0,7618186300.0,12890007700.0
84,p,10,00-20,84,3646287000.0,5642480000.0,8363981000.0,30100404710.0,4399466000.0,8213214400.0,14069825200.0
85,p,10,00-20,85,2428582000.0,3947388000.0,6192195000.0,29002176152.0,3490638000.0,7979697400.0,13444329000.0
86,p,10,00-20,86,2521704000.0,4064746000.0,6294366000.0,28228839880.0,3504484000.0,7676697400.0,13008643300.0
87,p,10,00-20,87,2950679000.0,4621501000.0,6965309000.0,28412660754.0,3735950000.0,7698735400.0,13095836000.0
88,p,10,00-20,88,1866514000.0,3121720000.0,5041547000.0,27699140821.0,2937852000.0,7508819900.0,12600215300.0
89,p,10,00-20,89,2043892000.0,3365574000.0,5333065000.0,26728144654.0,3049373000.0,7194364800.0,12167722600.0
90,p,10,00-20,90,2506852000.0,4009977000.0,6169473000.0,27732624825.0,3403281000.0,7491640000.0,12705152700.0
91,p,10,00-20,91,3162406000.0,4903207000.0,7303535000.0,27898130887.0,3858189000.0,7561789700.0,12916017400.0
92,p,10,00-20,92,1949007000.0,3217048000.0,5126604000.0,26713982818.0,2943362000.0,7200876300.0,12132229100.0
93,p,10,00-20,93,3584060000.0,5485704000.0,8046291000.0,29257138088.0,4163451000.0,7895934400.0,13503546500.0
94,p,10,00-20,94,2497091000.0,4025101000.0,6227731000.0,27698582361.0,3466120000.0,7521654600.0,12763018000.0
95,p,10,00-20,95,2206428000.0,3651376000.0,5819029000.0,29140755926.0,3347542000.0,7978139300.0,13421186900.0
96,p,10,00-20,96,3012165000.0,4688616000.0,7035946000.0,28409726772.0,3744940000.0,7685573900.0,13072896700.0
97,p,10,00-20,97,2263265000.0,3650821000.0,5680231000.0,27534184674.0,3170783000.0,7396125600.0,12501245000.0
98,p,10,00-20,98,3308247000.0,5186926000.0,7796205000.0,30522934803.0,4179929000.0,8354417700.0,14217081100.0
99,p,10,00-20,99,5661482000.0,8364055000.0,11624349000.0,30538589130.0,5605239000.0,7956164700.0,14037705900.0
100,p,10,00-20,100,3328079000.0,5320186000.0,8137150000.0,31405726808.0,4474878000.0,8733588100.0,14897443500.0
101,p,10,00-20,101,1811046000.0,3089527000.0,5089168000.0,28544771164.0,3028779000.0,7831532700.0,13101336200.0
102,p,10,00-20,102,2283239000.0,3675595000.0,5730901000.0,27439222573.0,3197539000.0,7446639000.0,12556372200.0
103,p,10,00-20,103,3925570000.0,6148923000.0,9189777000.0,32378535027.0,4909404000.0,8969014200.0,15376640000.0
104,p,10,00-20,104,3059900000.0,4863407000.0,7402168000.0,29755198998.0,4041198000.0,8174442900.0,13918138300.0
105,p,10,00-20,105,4232497000.0,6644073000.0,9944301000.0,33972593529.0,5327225000.0,9447401900.0,16244100300.0
106,p,10,00-20,106,2494197000.0,4053470000.0,6346314000.0,29254608393.0,3573874000.0,8050345700.0,13573577800.0
107,p,10,00-20,107,2628319000.0,4182845000.0,6407155000.0,28390627436.0,3512083000.0,7690941700.0,13023961400.0
108,p,10,00-20,108,4968337000.0,7613100000.0,11056017000.0,33473580042.0,5696524000.0,9129595200.0,15879139400.0
109,p,10,00-20,109,4304722000.0,6520033000.0,9430601000.0,30518095853.0,4791316000.0,8257359900.0,14239135600.0
110,p,10,00-20,110,3930766000.0,6083824000.0,8978254000.0,30624030312.0,4711978000.0,8371544000.0,14412837000.0
111,p,10,00-20,111,2053296000.0,3406229000.0,5458538000.0,28373811927.0,3152629000.0,7763922700.0,13024260300.0
112,p,10,00-20,112,2815768000.0,4480732000.0,6853953000.0,29059409388.0,3754391000.0,7933467600.0,13465344000.0
113,p,10,00-20,113,1990161000.0,3335927000.0,5410288000.0,29521536389.0,3163043000.0,8081575000.0,13519514100.0
114,p,10,00-20,114,2244797000.0,3665315000.0,5762953000.0,27951557359.0,3263083000.0,7573693100.0,12785183400.0
115,p,10,00-20,115,4475493000.0,6722299000.0,9604670000.0,30171735512.0,4801787000.0,8060644300.0,13945122400.0
116,p,10,00-20,116,3212039000.0,5056435000.0,7627356000.0,29751644281.0,4111509000.0,8118786000.0,13855037700.0
117,p,10,00-20,117,3124236000.0,4967283000.0,7594746000.0,31300871491.0,4156607000.0,8646285000.0,14651969700.0
118,p,10,00-20,118,3062547000.0,4837597000.0,7319376000.0,29319043873.0,3963030000.0,7987095500.0,13611915300.0
119,p,10,00-20,119,3168733000.0,4985668000.0,7514012000.0,29334028661.0,4046558000.0,8000994100.0,13650783100.0
120,p,10,00-20,120,2783804000.0,4181447000.0,6112387000.0,26617843151.0,3098315000.0,6945267800.0,11748611300.0
121,p,10,00-20,121,3896042000.0,6074793000.0,9044636000.0,31777789725.0,4802243000.0,8723805400.0,14981970100.0
122,p,10,00-20,122,5331025000.0,7886258000.0,11059183000.0,29817935009.0,5374569000.0,7884209500.0,13856752200.0
123,p,10,00-20,123,1886529000.0,3116348000.0,4978861000.0,27334856045.0,2862916000.0,7347111500.0,12340789700.0
124,p,10,00-20,124,1324584000.0,2253617000.0,3711237000.0,24391608169.0,2204187000.0,6307271000.0,10627875700.0
125,p,10,00-20,125,4276733000.0,6235950000.0,8656729000.0,26400898730.0,4108192000.0,6784135300.0,11776792600.0
126,p,10,00-20,126,2204714000.0,3631612000.0,5786794000.0,29408197088.0,3317348000.0,8055341700.0,13516423100.0
127,p,10,00-20,127,2141096000.0,3451929000.0,5389607000.0,27251357603.0,3012172000.0,7308122000.0,12311858300.0
128,p,10,00-20,128,2639150000.0,4199231000.0,6420522000.0,28026199805.0,3515904000.0,7580952400.0,12863159000.0
129,p,10,00-20,129,2618970000.0,4238377000.0,6593857000.0,29439486737.0,3690736000.0,8148664300.0,13756595600.0
130,p,10,00-20,130,6129092000.0,8982432000.0,12462176000.0,31949262536.0,5949456000.0,8392726100.0,14792120900.0
131,p,10,00-20,131,4058569000.0,6305782000.0,9366034000.0,32784629869.0,4950372000.0,9024591600.0,15472714800.0
132,p,10,00-20,132,1864998000.0,3074785000.0,4902006000.0,26793057356.0,2812242000.0,7169184800.0,12059628100.0
133,p,10,00-20,133,2477080000.0,4086718000.0,6511884000.0,32460436998.0,3737434000.0,9043302700.0,15119245000.0
134,h,10,00-20,0,2455458000.0,3988734000.0,6220823000.0,28535435735.0,3496282000.0,7774396600.0,13161474600.0
135,h,10,00-20,1,2258159000.0,3664667000.0,5729292000.0,27238818165.0,3220866000.0,7379368700.0,12476533200.0
136,h,10,00-20,2,2143805000.0,3476233000.0,5435790000.0,26793736393.0,3053885000.0,7181006000.0,12133823500.0
137,h,10,00-20,3,1821350000.0,3008788000.0,4810260000.0,26290061632.0,2766946000.0,7026202100.0,11839058700.0
138,h,10,00-20,4,3827353000.0,5750139000.0,8246246000.0,27896085496.0,4132502000.0,7368845100.0,12692780200.0
139,h,10,00-20,5,2244619000.0,3649338000.0,5722349000.0,28038921222.0,3225989000.0,7555347300.0,12761631500.0
140,h,10,00-20,6,2034182000.0,3317571000.0,5235341000.0,26798697526.0,2966634000.0,7195130400.0,12136986700.0
141,h,10,00-20,7,2604510000.0,4185455000.0,6482376000.0,29217157605.0,3600756000.0,7999981000.0,13516732700.0
142,h,10,00-20,8,1867496000.0,3104202000.0,4977669000.0,26445781849.0,2879633000.0,7122097200.0,11987204900.0
143,h,10,00-20,9,2328868000.0,3753502000.0,5822812000.0,26827123139.0,3244261000.0,7248637000.0,12282057700.0
144,h,10,00-20,10,3378503000.0,5346590000.0,8109593000.0,30758032563.0,4404227000.0,8509653400.0,14532292500.0
145,h,10,00-20,11,2999233000.0,4726825000.0,7154866000.0,28400955615.0,3867298000.0,7763722000.0,13229426800.0
146,h,10,00-20,12,1736690000.0,2858052000.0,4547988000.0,24875485684.0,2603712000.0,6583381600.0,11114997100.0
147,h,10,00-20,13,1992733000.0,3287745000.0,5235147000.0,26877138034.0,3003883000.0,7254954800.0,12238980100.0
148,h,10,00-20,14,1913022000.0,3179081000.0,5098109000.0,26645564560.0,2948959000.0,7231011100.0,12162818900.0
149,h,10,00-20,15,2739357000.0,4405102000.0,6799973000.0,28838266182.0,3773634000.0,7904174900.0,13432278900.0
150,h,10,00-20,16,2509500000.0,3956529000.0,6009950000.0,26770293897.0,3254700000.0,7132549500.0,12112285100.0
151,h,10,00-20,17,2491956000.0,4069090000.0,6384698000.0,29136933159.0,3612348000.0,8027550100.0,13563144400.0
152,h,10,00-20,18,2078177000.0,3411017000.0,5400531000.0,26510026395.0,3079472000.0,7195629300.0,12149831900.0
153,h,10,00-20,19,2527346000.0,4081945000.0,6319603000.0,27443324759.0,3523952000.0,7478974300.0,12717136200.0
154,h,10,00-20,20,2555881000.0,4105146000.0,6325817000.0,27156404368.0,3504230000.0,7383284900.0,12563427700.0
155,h,10,00-20,21,2467450000.0,3990737000.0,6206537000.0,28040615547.0,3471844000.0,7657896500.0,12964533700.0
156,h,10,00-20,22,2152928000.0,3504568000.0,5505019000.0,27182348576.0,3108062000.0,7373711600.0,12415696500.0
157,h,10,00-20,23,2772821000.0,4265174000.0,6316349000.0,25670081040.0,3301732000.0,6756009000.0,11564136800.0
158,h,10,00-20,24,2768590000.0,4483345000.0,6964373000.0,29720020752.0,3897948000.0,8211911300.0,13933012600.0
159,h,10,00-20,25,1742128000.0,2908832000.0,4689811000.0,26094497256.0,2727811000.0,6984399700.0,11740256400.0
160,h,10,00-20,26,2137643000.0,3553306000.0,5703609000.0,29100515014.0,3301407000.0,7980358300.0,13403227700.0
161,h,10,00-20,27,1826008000.0,3010562000.0,4799687000.0,26166413580.0,2753448000.0,7012820800.0,11799366600.0
162,h,10,00-20,28,2144170000.0,3510462000.0,5533737000.0,27007454182.0,3143237000.0,7316395600.0,12358010100.0
163,h,10,00-20,29,2527189000.0,4073371000.0,6319014000.0,27902372018.0,3521093000.0,7653379900.0,12962376500.0
164,h,10,00-20,30,2182704000.0,3567467000.0,5618687000.0,28087470951.0,3186294000.0,7551464000.0,12759643100.0
165,h,10,00-20,31,2451966000.0,3927131000.0,6053418000.0,27695209340.0,3345581000.0,7451845100.0,12626388700.0
166,h,10,00-20,32,2900491000.0,4550286000.0,6859204000.0,28326689185.0,3684955000.0,7626312900.0,12985556600.0
167,h,10,00-20,33,2437007000.0,3953758000.0,6172005000.0,28543247339.0,3466693000.0,7833400400.0,13222085200.0
168,h,10,00-20,34,1930274000.0,3159797000.0,4999625000.0,26356757136.0,2843930000.0,7059486900.0,11890564200.0
169,h,10,00-20,35,3110498000.0,4820500000.0,7148829000.0,27866689586.0,3766061000.0,7411082800.0,12707096000.0
170,h,10,00-20,36,2198220000.0,3581102000.0,5619939000.0,27742961024.0,3174184000.0,7435469000.0,12583507700.0
171,h,10,00-20,37,2167665000.0,3489881000.0,5424369000.0,26204609467.0,3022104000.0,7019410600.0,11866445500.0
172,h,10,00-20,38,2563488000.0,4147356000.0,6462958000.0,29383206851.0,3619663000.0,8067656600.0,13631050500.0
173,h,10,00-20,39,2800072000.0,4434710000.0,6755335000.0,27985319594.0,3678387000.0,7616251200.0,12958887900.0
174,h,10,00-20,40,3875815000.0,5921201000.0,8643609000.0,29502114243.0,4452695000.0,7960223400.0,13699130400.0
175,h,10,00-20,41,2025768000.0,3295839000.0,5175320000.0,26333129424.0,2920676000.0,7023535700.0,11871549100.0
176,h,10,00-20,42,2720908000.0,4316601000.0,6587917000.0,28698618281.0,3594998000.0,7815679800.0,13216906200.0
177,h,10,00-20,43,1628546000.0,2734205000.0,4442138000.0,25510569363.0,2601304000.0,6813961900.0,11445184400.0
178,h,10,00-20,44,2865586000.0,4534678000.0,6891197000.0,27868119281.0,3745378000.0,7585557100.0,12933859700.0
179,h,10,00-20,45,2165907000.0,3477165000.0,5400454000.0,26474496544.0,3000416000.0,7119899400.0,12000593800.0
180,h,10,00-20,46,2900486000.0,4711036000.0,7320854000.0,30464743117.0,4108216000.0,8431503700.0,14343079300.0
181,h,10,00-20,47,2037722000.0,3281256000.0,5108539000.0,25834561829.0,2848732000.0,6838768800.0,11574474300.0
182,h,10,00-20,48,3253990000.0,5084346000.0,7617011000.0,28775490869.0,4064870000.0,7857358000.0,13433322000.0
183,h,10,00-20,49,3652787000.0,5619843000.0,8268145000.0,29141698010.0,4307269000.0,7880215800.0,13539666500.0
184,h,10,00-20,50,2913403000.0,4689443000.0,7220939000.0,29423878976.0,4006021000.0,8111491500.0,13819959400.0
185,h,10,00-20,51,1698292000.0,2793471000.0,4442719000.0,25407734874.0,2541713000.0,6613667200.0,11181664700.0
186,h,10,00-20,52,2001769000.0,3316077000.0,5304960000.0,27434325425.0,3058622000.0,7480225300.0,12571888500.0
187,h,10,00-20,53,3011423000.0,4730465000.0,7119042000.0,28310554412.0,3825774000.0,7658806400.0,13080804000.0
188,h,10,00-20,54,3016474000.0,4781960000.0,7275214000.0,29149917673.0,3962477000.0,7961919300.0,13580120400.0
189,h,10,00-20,55,3049689000.0,4834874000.0,7332024000.0,28956210023.0,3987152000.0,7909596000.0,13502778600.0
190,h,10,00-20,56,2375409000.0,3847483000.0,5995499000.0,27979030686.0,3360751000.0,7581379800.0,12837635100.0
191,h,10,00-20,57,1817368000.0,3022140000.0,4863995000.0,26965126103.0,2818888000.0,7236457400.0,12156614700.0
192,h,10,00-20,58,3766307000.0,5694922000.0,8228476000.0,28332345061.0,4170213000.0,7532272200.0,12966541700.0
193,h,10,00-20,59,1688547000.0,2830497000.0,4590227000.0,26310177722.0,2683560000.0,7031978400.0,11824094400.0
194,h,10,00-20,60,2448822000.0,3941708000.0,6113505000.0,28479439301.0,3402338000.0,7704789300.0,13030180400.0
195,h,10,00-20,61,2140717000.0,3450164000.0,5374194000.0,26873444515.0,2999371000.0,7211809200.0,12153355100.0
196,h,10,00-20,62,3152768000.0,4887860000.0,7278253000.0,28684102743.0,3843414000.0,7733096800.0,13169102100.0
197,h,10,00-20,63,3075247000.0,4890591000.0,7440617000.0,29075800762.0,4063620000.0,7976881600.0,13633388000.0
198,h,10,00-20,64,3636357000.0,5601323000.0,8232793000.0,29014610134.0,4291732000.0,7839173200.0,13481041000.0
199,h,10,00-20,65,2744647000.0,4347459000.0,6628904000.0,28580837811.0,3611384000.0,7775588700.0,13186002500.0
200,h,10,00-20,66,2965379000.0,4619133000.0,6928322000.0,28010114367.0,3688959000.0,7581903600.0,12896493400.0
201,h,10,00-20,67,3925060000.0,5676829000.0,7896620000.0,24726508961.0,3717851000.0,6428259500.0,11073417100.0
202,h,10,00-20,68,2490669000.0,3974773000.0,6112554000.0,27604849468.0,3364806000.0,7453966200.0,12629005700.0
203,h,10,00-20,69,2456270000.0,3980902000.0,6205588000.0,28019194386.0,3480787000.0,7667653900.0,12982945000.0
204,h,10,00-20,70,1510244000.0,2525201000.0,4115962000.0,25010382400.0,2406480000.0,6663990400.0,11160791100.0
205,h,10,00-20,71,2996930000.0,4762783000.0,7271798000.0,29099516945.0,3975795000.0,8016644500.0,13650251400.0
206,h,10,00-20,72,3661931000.0,5531232000.0,7994735000.0,27702472999.0,4048181000.0,7381284300.0,12681829800.0
207,h,10,00-20,73,1703808000.0,2858652000.0,4628536000.0,26174742241.0,2705936000.0,6981274800.0,11752800100.0
208,h,10,00-20,74,2025388000.0,3294009000.0,5181279000.0,26251379212.0,2925197000.0,7081603000.0,11930546600.0
209,h,10,00-20,75,2051169000.0,3354987000.0,5291096000.0,26376026318.0,3003837000.0,7110214200.0,12001218800.0
210,h,10,00-20,76,2735560000.0,4360502000.0,6661186000.0,27886949946.0,3651706000.0,7566315900.0,12886875700.0
211,h,10,00-20,77,3276301000.0,5129372000.0,7697678000.0,29554490928.0,4118601000.0,8036744600.0,13732643200.0
212,h,10,00-20,78,1979158000.0,3295753000.0,5300231000.0,27723133455.0,3073780000.0,7553235000.0,12688661500.0
213,h,10,00-20,79,3102462000.0,4850305000.0,7262302000.0,28453404064.0,3876068000.0,7668208800.0,13109300000.0
214,h,10,00-20,80,1960324000.0,3266300000.0,5250745000.0,27841771654.0,3046151000.0,7593535200.0,12753133500.0
215,h,10,00-20,81,4046270000.0,6112434000.0,8806308000.0,28366422619.0,4451436000.0,7600514100.0,13144793200.0
216,h,10,00-20,82,2611186000.0,4179841000.0,6435688000.0,28395503660.0,3553930000.0,7735270100.0,13113838100.0
217,h,10,00-20,83,2355682000.0,3795989000.0,5882204000.0,26989251898.0,3275344000.0,7283566900.0,12354399600.0
218,h,10,00-20,84,2383823000.0,3829109000.0,5922472000.0,27406666642.0,3286144000.0,7405072200.0,12530090400.0
219,h,10,00-20,85,2402282000.0,3794294000.0,5791776000.0,26500874422.0,3148941000.0,7079397900.0,11988668900.0
220,h,10,00-20,86,3007138000.0,4737422000.0,7163516000.0,28532175335.0,3868819000.0,7776782800.0,13258193400.0
221,h,10,00-20,87,2021987000.0,3312248000.0,5235697000.0,26608815725.0,2978726000.0,7142545600.0,12054835200.0
222,h,10,00-20,88,3641962000.0,5506219000.0,7949909000.0,27053616378.0,4026703000.0,7186579200.0,12387542600.0
223,h,10,00-20,89,2186603000.0,3510839000.0,5452330000.0,27294459175.0,3029691000.0,7272971800.0,12283882100.0
224,h,10,00-20,90,2375145000.0,3862644000.0,6047787000.0,28597530470.0,3407682000.0,7823255100.0,13200835000.0
225,h,10,00-20,91,2499331000.0,4030447000.0,6251248000.0,27915191236.0,3484575000.0,7617088900.0,12906704500.0
226,h,10,00-20,92,2185275000.0,3489267000.0,5371997000.0,25882663739.0,2959440000.0,6877208800.0,11642597500.0
227,h,10,00-20,93,2002114000.0,3265118000.0,5136164000.0,25635295399.0,2906281000.0,6872556100.0,11619741700.0
228,h,10,00-20,94,2775661000.0,4297104000.0,6424131000.0,27074218913.0,3395196000.0,7254993400.0,12304134600.0
229,h,10,00-20,95,2361455000.0,3823591000.0,5952970000.0,27398097797.0,3334562000.0,7443459500.0,12607910700.0
230,h,10,00-20,96,2895014000.0,4635648000.0,7118948000.0,29299428668.0,3927484000.0,8094618700.0,13750603600.0
231,h,10,00-20,97,3270822000.0,5020101000.0,7394716000.0,27268782298.0,3846535000.0,7325819000.0,12555661900.0
232,h,10,00-20,98,2482297000.0,3929884000.0,6029911000.0,27607469285.0,3293500000.0,7467903400.0,12604251400.0
233,h,10,00-20,99,2511764000.0,4048488000.0,6271158000.0,28227113586.0,3492145000.0,7642305900.0,12976071900.0
234,h,10,00-20,100,2346846000.0,3796510000.0,5898871000.0,26637495183.0,3298846000.0,7217175900.0,12248784400.0
235,h,10,00-20,101,1942343000.0,3214599000.0,5128410000.0,26637019541.0,2951353000.0,7188683700.0,12112941400.0
236,h,10,00-20,102,2336762000.0,3779074000.0,5882982000.0,27754237299.0,3291857000.0,7494374700.0,12686881300.0
237,h,10,00-20,103,2313738000.0,3757123000.0,5876103000.0,27839262676.0,3305629000.0,7543711000.0,12758620400.0
238,h,10,00-20,104,2529536000.0,4094507000.0,6364752000.0,28313965351.0,3561921000.0,7740286800.0,13121912200.0
239,h,10,00-20,105,2370672000.0,3838401000.0,5982444000.0,27620203850.0,3352312000.0,7526124400.0,12725194300.0
240,h,10,00-20,106,2460811000.0,3963130000.0,6145172000.0,28128402920.0,3421255000.0,7639642800.0,12932012700.0
241,h,10,00-20,107,2006668000.0,3299736000.0,5243217000.0,27049151240.0,2998066000.0,7306363400.0,12307091000.0
242,h,10,00-20,108,2325310000.0,3751127000.0,5812758000.0,26861244447.0,3239058000.0,7237542600.0,12265106400.0
243,h,10,00-20,109,2266424000.0,3676681000.0,5752939000.0,27702918877.0,3234489000.0,7488816300.0,12649513700.0
244,h,10,00-20,110,2678437000.0,4321954000.0,6699977000.0,28860575453.0,3735612000.0,7922549600.0,13448970700.0
245,h,10,00-20,111,1715852000.0,2830766000.0,4515503000.0,25499467402.0,2592201000.0,6702666800.0,11304591200.0
246,h,10,00-20,112,3061304000.0,4813075000.0,7256180000.0,28532868506.0,3906143000.0,7798974500.0,13299135900.0
247,h,10,00-20,113,2068067000.0,3432771000.0,5487124000.0,27847403073.0,3167163000.0,7610632100.0,12800654700.0
248,h,10,00-20,114,1676249000.0,2806365000.0,4546311000.0,26597076457.0,2654193000.0,7062577100.0,11861769300.0
249,h,10,00-20,115,2087903000.0,3406325000.0,5366482000.0,26583834683.0,3039209000.0,7185635800.0,12119599900.0
250,h,10,00-20,116,3010432000.0,4677564000.0,6976129000.0,27690988582.0,3694657000.0,7465596200.0,12727192700.0
251,h,10,00-20,117,2179023000.0,3571477000.0,5640240000.0,27724089593.0,3209145000.0,7547984800.0,12735421000.0
252,h,10,00-20,118,2470644000.0,3972723000.0,6147178000.0,27895153779.0,3414451000.0,7582095300.0,12827728500.0
253,h,10,00-20,119,2947767000.0,4726232000.0,7251782000.0,29417236225.0,4003567000.0,8085330700.0,13777516800.0
254,h,10,00-20,120,3399797000.0,5338495000.0,8022256000.0,29912706871.0,4306728000.0,8235461500.0,14076695800.0
255,h,10,00-20,121,4488983000.0,6703745000.0,9520007000.0,29146590891.0,4712589000.0,7737804900.0,13422920300.0
256,h,10,00-20,122,3195886000.0,4929569000.0,7291384000.0,28499309668.0,3818459000.0,7610748900.0,12996885200.0
257,h,10,00-20,123,3014173000.0,4765374000.0,7255734000.0,29485970659.0,3944321000.0,8129165200.0,13794163400.0
258,h,10,00-20,124,3531607000.0,5478220000.0,8119514000.0,29210397718.0,4280229000.0,7942740400.0,13635731500.0
259,h,10,00-20,125,3039276000.0,4671804000.0,6890731000.0,26456030017.0,3591846000.0,7020563200.0,12035117100.0
260,h,10,00-20,126,2280999000.0,3674252000.0,5718605000.0,27888932517.0,3189318000.0,7527881600.0,12695331900.0
261,h,10,00-20,127,2433490000.0,3940125000.0,6145595000.0,28715523951.0,3445362000.0,7796407700.0,13187071300.0
262,h,10,00-20,128,2135056000.0,3470576000.0,5440616000.0,26734371516.0,3065895000.0,7185954900.0,12138524200.0
263,h,10,00-20,129,2638716000.0,4200761000.0,6422403000.0,27869247839.0,3518217000.0,7528152900.0,12788908300.0
264,h,10,00-20,130,4473557000.0,6770580000.0,9754367000.0,30268540329.0,4940498000.0,8164631800.0,14154407900.0
265,h,10,00-20,131,3197351000.0,5028902000.0,7571935000.0,29135092413.0,4074706000.0,7951663300.0,13592002400.0
266,h,10,00-20,132,4043895000.0,6182013000.0,9039553000.0,30652653991.0,4664374000.0,8373479600.0,14366477200.0
267,n,10,00-20,0,2461060000.0,3948192000.0,6062203000.0,26149701322.0,3349446000.0,7023281200.0,11993782600.0
268,n,10,00-20,1,2254654000.0,3570336000.0,5441734000.0,24885751896.0,2962924000.0,6586500200.0,11194995600.0
269,n,10,00-20,2,1484272000.0,2519921000.0,4144497000.0,24953982349.0,2457133000.0,6654428600.0,11162348200.0
270,n,10,00-20,3,3257234000.0,4996479000.0,7343124000.0,26851350230.0,3811946000.0,7183374900.0,12332790200.0
271,n,10,00-20,4,1592941000.0,2665483000.0,4313827000.0,24667781591.0,2516648000.0,6559003600.0,11037647100.0
272,n,10,00-20,5,1388178000.0,2321012000.0,3759323000.0,23458139904.0,2192375000.0,6046789000.0,10222720600.0
273,n,10,00-20,6,1546254000.0,2595370000.0,4221381000.0,25005916181.0,2472600000.0,6645983100.0,11159074300.0
274,n,10,00-20,7,1632912000.0,2715406000.0,4364354000.0,25097944666.0,2527765000.0,6633068500.0,11182748400.0
275,n,10,00-20,8,1692804000.0,2806651000.0,4501040000.0,25244146240.0,2599000000.0,6718274400.0,11302227200.0
276,n,10,00-20,9,1631129000.0,2726889000.0,4401702000.0,25148775194.0,2563563000.0,6654918900.0,11213009500.0
277,n,10,00-20,10,1976679000.0,3191633000.0,4991840000.0,25423682636.0,2795433000.0,6778652200.0,11440493500.0
278,n,10,00-20,11,2481571000.0,4003626000.0,6213605000.0,27239237895.0,3465806000.0,7474483300.0,12672782800.0
279,n,10,00-20,12,2316907000.0,3621720000.0,5462279000.0,25060168543.0,2925458000.0,6546280200.0,11144514000.0
280,n,10,00-20,13,2092697000.0,3445322000.0,5463848000.0,27156183903.0,3124813000.0,7365931100.0,12435852100.0
281,n,10,00-20,14,1519538000.0,2552666000.0,4146470000.0,24481192514.0,2429221000.0,6439384100.0,10859639000.0
282,n,10,00-20,15,1748823000.0,2896766000.0,4641284000.0,25614553567.0,2677219000.0,6830334400.0,11503259100.0
283,n,10,00-20,16,1431288000.0,2350360000.0,3755843800.0,23564628803.0,2149797000.0,6019787100.0,10161542500.0
284,n,10,00-20,17,2044965000.0,3335314000.0,5239257000.0,25988601461.0,2962958000.0,6980066000.0,11799750600.0
285,n,10,00-20,18,1862173000.0,3026862000.0,4748695000.0,24608467556.0,2676765000.0,6497938300.0,10997591800.0
286,n,10,00-20,19,3366895000.0,5170171000.0,7583447000.0,27402384364.0,3936592000.0,7308240400.0,12572106700.0
287,n,10,00-20,20,2224033000.0,3593313000.0,5603077000.0,26985544557.0,3135179000.0,7292719400.0,12324080200.0
288,n,10,00-20,21,2162991000.0,3447519000.0,5310320000.0,25786237908.0,2921849000.0,6840468000.0,11570914100.0
289,n,10,00-20,22,2073940000.0,3330065000.0,5159448000.0,25057731707.0,2863801000.0,6682188800.0,11299393200.0
290,n,10,00-20,23,2297465000.0,3654276000.0,5599109000.0,25883772049.0,3067637000.0,6913839500.0,11716773900.0
291,n,10,00-20,24,2206749000.0,3569398000.0,5553604000.0,26382797997.0,3107347000.0,7061035000.0,11988423500.0
292,n,10,00-20,25,2178541000.0,3546465000.0,5558270000.0,26392795191.0,3135715000.0,7156666300.0,12111668900.0
293,n,10,00-20,26,2043081000.0,3283123000.0,5101530000.0,25372068265.0,2837103000.0,6751134300.0,11407538000.0
294,n,10,00-20,27,1462160000.0,2472703000.0,4046110000.0,24242629453.0,2387812000.0,6428394600.0,10803688500.0
295,n,10,00-20,28,1636919000.0,2739530000.0,4433622000.0,25203487614.0,2586566000.0,6717063500.0,11288485600.0
296,n,10,00-20,29,2223305000.0,3596563000.0,5612356000.0,26448326778.0,3144423000.0,7159415700.0,12105840300.0
297,n,10,00-20,30,938925200.0,1538765400.0,2449465000.0,19429081353.0,1397688600.0,4138128400.0,7541212300.0
298,n,10,00-20,31,599903500.0,1057406500.0,1821063700.0,19336696753.0,1122539500.0,4165753800.0,7507740100.0
299,n,10,00-20,32,1657418000.0,2667142000.0,4171123000.0,24913043269.0,2328945000.0,6313778700.0,10789762900.0
300,n,10,00-20,33,764965300.0,1327361100.0,2236304500.0,20143410025.0,1355859000.0,4499310200.0,8023901500.0
301,n,10,00-20,34,541814200.0,949829600.0,1622144800.0,18098203101.0,994069900.0,3640357900.0,6756755700.0
302,n,10,00-20,35,407522600.0,738242200.0,1303349600.0,17403829313.0,822242200.0,3257843300.0,6177449500.0
303,n,10,00-20,36,419901600.0,754319600.0,1323526800.0,17657969813.0,829517100.0,3305263200.0,6277124800.0
304,n,10,00-20,37,970426000.0,1653096800.0,2741466600.0,21945927730.0,1633363900.0,5228994700.0,9104845800.0
305,n,10,00-20,38,2418346000.0,3816963000.0,5792422000.0,25986147238.0,3138636000.0,6877219300.0,11724150300.0
306,n,10,00-20,39,563581900.0,1001419500.0,1732286300.0,19090343788.0,1074424600.0,3957715400.0,7234735000.0
307,n,10,00-20,40,647507000.0,1151829400.0,1992970600.0,20908914952.0,1237069200.0,4515345400.0,8173158700.0
308,n,10,00-20,41,1807613000.0,2971915000.0,4726001000.0,25760503699.0,2702708000.0,6817425800.0,11516147600.0
309,n,10,00-20,42,1075097000.0,1833620000.0,3036398400.0,22679652685.0,1809787200.0,5541606900.0,9517019500.0
310,n,10,00-20,43,547764800.0,966466900.0,1667220300.0,18971480515.0,1028881700.0,3882817200.0,7144447400.0
311,n,10,00-20,44,847778000.0,1478565700.0,2504517300.0,22061825289.0,1525983800.0,5105767400.0,8970507200.0
312,n,10,00-20,45,1241842000.0,2033536000.0,3237273100.0,22367014058.0,1846182200.0,5342831800.0,9304852100.0
313,n,10,00-20,46,670234300.0,1159160500.0,1955979000.0,19288240298.0,1183995900.0,4075165700.0,7405158300.0
314,n,10,00-20,47,1120935000.0,1923719000.0,3199720000.0,23168359592.0,1917921100.0,5848772800.0,9934512800.0
315,n,10,00-20,48,1238334000.0,2089674000.0,3419321500.0,23816420986.0,2014767200.0,5882101600.0,10146509500.0
316,n,10,00-20,49,1237902000.0,2092344000.0,3421897200.0,23039762148.0,2018136600.0,5743779500.0,9846162600.0
317,n,10,00-20,50,1954394000.0,3060771000.0,4658376000.0,23653990056.0,2510296000.0,6111323600.0,10362862800.0
318,n,10,00-20,51,2350702000.0,3750709000.0,5759688000.0,26184691209.0,3167604000.0,7002692100.0,11890709600.0
319,n,10,00-20,52,2370952000.0,3791155000.0,5824522000.0,25820053679.0,3210021000.0,6931623900.0,11797395700.0
320,n,10,00-20,53,2676366000.0,4185696000.0,6289625000.0,26074444568.0,3363879000.0,6967997200.0,11881382100.0
321,n,10,00-20,54,1297585000.0,2216337000.0,3670756000.0,24480329022.0,2190198000.0,6400873000.0,10749439000.0
322,n,10,00-20,55,1571476000.0,2601440000.0,4178702000.0,24784892832.0,2411506000.0,6506417700.0,10953750400.0
323,n,10,00-20,56,2311572000.0,3708275000.0,5729762000.0,26294356091.0,3174489000.0,7085819200.0,12013021000.0
324,n,10,00-20,57,1900325000.0,3068445000.0,4783487000.0,24528208800.0,2674712000.0,6470354500.0,10957707000.0
325,n,10,00-20,58,2831619000.0,4440607000.0,6681304000.0,27276527778.0,3584444000.0,7344253100.0,12521327000.0
326,n,10,00-20,59,1995053000.0,3251624000.0,5116043000.0,25619445378.0,2893530000.0,6895952600.0,11647946700.0
327,n,10,00-20,60,2566381000.0,4016194000.0,6058114000.0,26310311584.0,3247686000.0,7016098200.0,11922592900.0
328,n,10,00-20,61,2558315000.0,4129430000.0,6392363000.0,27740292919.0,3562637000.0,7572709800.0,12866334500.0
329,n,10,00-20,62,2435624000.0,3911520000.0,6047003000.0,27190166363.0,3354487000.0,7362830600.0,12489271700.0
330,n,10,00-20,63,3530430000.0,5298102000.0,7622518000.0,25885772299.0,3823469000.0,6869438400.0,11832547300.0
331,n,10,00-20,64,1809275000.0,3025546000.0,4881962000.0,25812464938.0,2843709000.0,6983110800.0,11763093200.0
332,n,10,00-20,65,1608690000.0,2652238000.0,4238177000.0,24461906795.0,2433434000.0,6399433500.0,10794988900.0
333,n,10,00-20,66,1758687000.0,2902438000.0,4617725000.0,24848892829.0,2649038000.0,6574384900.0,11129169200.0
334,n,10,00-20,67,1805050000.0,2958618000.0,4694222000.0,25429428451.0,2675963000.0,6733627600.0,11362358500.0
335,n,10,00-20,68,2856954000.0,4504574000.0,6812495000.0,27452765331.0,3681947000.0,7434539100.0,12690297300.0
336,n,10,00-20,69,1849744000.0,2976147000.0,4646628000.0,24217578020.0,2592698000.0,6378871200.0,10772004300.0
337,n,10,00-20,70,2059823000.0,3327893000.0,5188602000.0,25146721078.0,2902709000.0,6732068000.0,11390343200.0
338,n,10,00-20,71,3051186000.0,4802712000.0,7243816000.0,27913058366.0,3904296000.0,7609982900.0,13017271600.0
339,n,10,00-20,72,2247728000.0,3639495000.0,5667722000.0,26986407899.0,3175004000.0,7233713100.0,12261968500.0
340,n,10,00-20,73,2743555000.0,4311479000.0,6494593000.0,27159835850.0,3492924000.0,7239778500.0,12363486400.0
341,n,10,00-20,74,2659403000.0,4180849000.0,6311266000.0,26623439551.0,3398801000.0,7109579800.0,12117440100.0
342,n,10,00-20,75,2251295000.0,3641917000.0,5670319000.0,26549407894.0,3173592000.0,7173100500.0,12141744200.0
343,n,10,00-20,76,2508572000.0,4025299000.0,6207760000.0,27214624704.0,3437289000.0,7409418100.0,12579346100.0
344,n,10,00-20,77,2023108000.0,3262638000.0,5071987000.0,25051448402.0,2829679000.0,6623859800.0,11226509200.0
345,n,10,00-20,78,2675088000.0,4201602000.0,6364187000.0,26950797556.0,3430881000.0,7304052400.0,12401073500.0
346,n,10,00-20,79,2015639000.0,3278702000.0,5149367000.0,26354106533.0,2905641000.0,7055905100.0,11898023700.0
347,n,10,00-20,80,1908069000.0,3143532000.0,4998013000.0,26051511809.0,2862522000.0,6979181900.0,11771540400.0
348,n,10,00-20,81,2227051000.0,3611683000.0,5624423000.0,26467081498.0,3154662000.0,7134490500.0,12100534900.0
349,n,10,00-20,82,1871161000.0,3055185000.0,4817139000.0,25805189927.0,2730580000.0,6808781400.0,11497469200.0
350,n,10,00-20,83,2611996000.0,4189978000.0,6454635000.0,27596956990.0,3571119000.0,7539155700.0,12809433700.0
351,n,10,00-20,84,1952024000.0,3097656000.0,4768303000.0,24601474894.0,2613085000.0,6402829200.0,10843082000.0
352,n,10,00-20,85,2364421000.0,3782956000.0,5820986000.0,26094434024.0,3211846000.0,7020431000.0,11928828200.0
353,n,10,00-20,86,1995288000.0,3244397000.0,5092614000.0,25725447059.0,2871896000.0,6871835300.0,11609717000.0
354,n,10,00-20,87,3416728000.0,5256834000.0,7739419000.0,28330967898.0,4033459000.0,7626053200.0,13073216100.0
355,n,10,00-20,88,1378035000.0,2319580000.0,3768519000.0,23299959525.0,2210706000.0,6012987500.0,10180300000.0
356,n,10,00-20,89,1925045000.0,3154131000.0,4978492000.0,25704034831.0,2831030000.0,6865792000.0,11605856500.0
357,n,10,00-20,90,2392893000.0,3872354000.0,6029352000.0,27020517420.0,3376026000.0,7382499000.0,12513407100.0
358,n,10,00-20,91,1966905000.0,3229980000.0,5115165000.0,26125573319.0,2917852000.0,7006417800.0,11834047300.0
359,n,10,00-20,92,2325351000.0,3770559000.0,5880630000.0,27048144089.0,3300203000.0,7352962300.0,12457594500.0
360,n,10,00-20,93,2095958000.0,3386628000.0,5266488000.0,25410410115.0,2943082000.0,6759889800.0,11466790900.0
361,n,10,00-20,94,1339253000.0,2247159000.0,3651269000.0,23250614348.0,2137164000.0,5996966300.0,10131587900.0
362,n,10,00-20,95,2323063000.0,3686086000.0,5650654000.0,26163885878.0,3090542000.0,7002062700.0,11853898800.0
363,n,10,00-20,96,1729490000.0,2884736000.0,4654384000.0,25772904093.0,2705870000.0,6898655300.0,11606237300.0
364,n,10,00-20,97,1570022000.0,2637059000.0,4283810000.0,24670881328.0,2509328000.0,6560908900.0,11037743600.0
365,n,10,00-20,98,1984195000.0,3223754000.0,5048513000.0,25221888410.0,2842607000.0,6745058600.0,11411883800.0
366,n,10,00-20,99,1824093000.0,2996220000.0,4750106000.0,25526974260.0,2711261000.0,6740131300.0,11394546200.0
367,n,10,00-20,100,2256353000.0,3650202000.0,5694257000.0,27287730463.0,3189975000.0,7370447100.0,12459788600.0
368,n,10,00-20,101,2230620000.0,3606724000.0,5612251000.0,26372353108.0,3139089000.0,7091294800.0,12016818500.0
369,n,10,00-20,102,1693748000.0,2823279000.0,4533486000.0,24694629364.0,2629360000.0,6554972500.0,11074089000.0
370,n,10,00-20,103,1532780000.0,2602252000.0,4266604000.0,24713036875.0,2526621000.0,6623688000.0,11126758300.0
371,n,10,00-20,104,2051580000.0,3339340000.0,5229313000.0,26054832760.0,2948407000.0,6942392300.0,11759220400.0
372,n,10,00-20,105,1635586000.0,2745325000.0,4450982000.0,25278143794.0,2604004000.0,6755662600.0,11357837500.0
373,n,10,00-20,106,1993496000.0,3280420000.0,5203539000.0,26168961358.0,2975196000.0,7079829200.0,11949050300.0
374,n,10,00-20,107,2428226000.0,3865837000.0,5923377000.0,26341890304.0,3248492000.0,7060713100.0,12007709900.0
375,n,10,00-20,108,1667669000.0,2745471000.0,4365029000.0,24556485558.0,2498475000.0,6415869200.0,10855935300.0
376,n,10,00-20,109,1557100000.0,2607530000.0,4223567000.0,24528789886.0,2466035000.0,6470689700.0,10907095800.0
377,n,10,00-20,110,1681023000.0,2746875000.0,4347653000.0,24348494100.0,2469732000.0,6369173900.0,10759834800.0
378,n,10,00-20,111,2510764000.0,3977355000.0,6068672000.0,26499586506.0,3307340000.0,7138123300.0,12121490100.0
379,n,10,00-20,112,2214174000.0,3612454000.0,5667647000.0,27141707636.0,3204215000.0,7355113800.0,12432178100.0
380,n,10,00-20,113,1849627000.0,3056035000.0,4871701000.0,26121104571.0,2799073000.0,6989952700.0,11781498000.0
381,n,10,00-20,114,3250372000.0,4998296000.0,7356455000.0,27139437409.0,3831195000.0,7251931700.0,12448430400.0
382,n,10,00-20,115,2473790000.0,3919892000.0,5961730000.0,26550643776.0,3244543000.0,7059679700.0,12010826600.0
383,n,10,00-20,116,1812091000.0,2976086000.0,4707649000.0,25143559522.0,2684215000.0,6622071800.0,11210706400.0
384,n,10,00-20,117,2343661000.0,3742482000.0,5740464000.0,25716005193.0,3157592000.0,6864739200.0,11680465900.0
385,n,10,00-20,118,2444625000.0,3938894000.0,6097064000.0,27426444660.0,3392853000.0,7437826700.0,12614503500.0
386,n,10,00-20,119,1893448000.0,3080754000.0,4841101000.0,25005175380.0,2732699000.0,6629534800.0,11202472200.0
387,n,10,00-20,120,2274691000.0,3623293000.0,5561303000.0,25690334638.0,3053513000.0,6839625200.0,11614181800.0
388,n,10,00-20,121,2124060000.0,3400677000.0,5245941000.0,25767228031.0,2899154000.0,6810126600.0,11539996700.0
389,n,10,00-20,122,1829031000.0,2995250000.0,4738761000.0,25043680884.0,2696176000.0,6658681900.0,11246408400.0
390,n,10,00-20,123,1477219000.0,2486933000.0,4043804000.0,24232761402.0,2373416000.0,6353509500.0,10713087600.0
391,n,10,00-20,124,1928602000.0,3185288000.0,5074620000.0,26339449898.0,2914402000.0,7102048200.0,11973225500.0
392,n,10,00-20,125,1492394000.0,2513625000.0,4097411000.0,25044350357.0,2407660000.0,6615906500.0,11116229600.0
393,n,10,00-20,126,2215110000.0,3602956000.0,5647200000.0,26959217995.0,3183985000.0,7324664600.0,12378000900.0
394,n,10,00-20,127,2328254000.0,3634633000.0,5492270000.0,24680185834.0,2940868000.0,6527480800.0,11080876900.0
395,n,10,00-20,128,1642878000.0,2717627000.0,4352151000.0,24809555874.0,2507283000.0,6553991300.0,11031545600.0
396,f,10,00-20,0,1311971000.0,2232458000.0,3674498000.0,22845768556.0,2182243000.0,5985382800.0,10075917200.0
397,f,10,00-20,1,1248272000.0,2108248000.0,3451277200.0,22585429806.0,2035216700.0,5801268900.0,9805878600.0
398,f,10,00-20,2,1192715000.0,2043039000.0,3388875100.0,22639511361.0,2027040900.0,5837631100.0,9837370600.0
399,f,10,00-20,3,1357353000.0,2285445000.0,3716836000.0,22530281994.0,2181945000.0,5832540900.0,9869123200.0
400,f,10,00-20,4,1469737000.0,2467723000.0,3995297000.0,23215624841.0,2336696000.0,6091466800.0,10290807300.0
401,f,10,00-20,5,1288777000.0,2150862000.0,3478055300.0,22192645205.0,2024146400.0,5646049500.0,9556504500.0
402,f,10,00-20,6,1416282000.0,2371228000.0,3831622000.0,22765353810.0,2234641000.0,5936290500.0,10032002700.0
403,f,10,00-20,7,1530959000.0,2533837000.0,4057593000.0,23257271491.0,2338358000.0,6081674900.0,10264767300.0
404,f,10,00-20,8,1855932000.0,3040445000.0,4785880000.0,24377247345.0,2717858000.0,6455682600.0,10955340800.0
405,f,10,00-20,9,1450631000.0,2411430000.0,3880678000.0,22990016752.0,2248068000.0,5996101400.0,10127167600.0
406,f,10,00-20,10,1791327000.0,2934723000.0,4644262000.0,24183207597.0,2643566000.0,6437088700.0,10880522000.0
407,f,10,00-20,11,1701283000.0,2823499000.0,4514372000.0,24282228208.0,2605369000.0,6452378000.0,10902330200.0
408,f,10,00-20,12,2013738000.0,3254987000.0,5071597000.0,24702500633.0,2837731000.0,6560384000.0,11132565000.0
409,f,10,00-20,13,1654387000.0,2712928000.0,4307182000.0,23374081549.0,2456684000.0,6155383800.0,10403610700.0
410,f,10,00-20,14,1702250000.0,2790705000.0,4421880000.0,23723034504.0,2519565000.0,6242526300.0,10560421200.0
411,f,10,00-20,15,1804899000.0,2966363000.0,4691308000.0,23961897801.0,2676151000.0,6359327900.0,10783237900.0
412,f,10,00-20,16,2359127000.0,3746923000.0,5704767000.0,24742988554.0,3112670000.0,6580809000.0,11238807100.0
413,f,10,00-20,17,1400828000.0,2282641000.0,3633930900.0,22049251105.0,2065166100.0,5672355100.0,9580100000.0
414,f,10,00-20,18,1308531000.0,2193970000.0,3568612000.0,22276198357.0,2088548000.0,5777579900.0,9736548600.0
415,f,10,00-20,19,1367856000.0,2304971000.0,3752469000.0,22755561335.0,2204818000.0,5932918400.0,10020536300.0
416,f,10,00-20,20,1183532000.0,1992588000.0,3252059300.0,21907576848.0,1911193400.0,5514009400.0,9354312000.0
417,f,10,00-20,21,1308887000.0,2193331000.0,3557162700.0,22426951226.0,2078560200.0,5754410400.0,9729161900.0
418,f,10,00-20,22,1380920000.0,2273628000.0,3626386300.0,21598338056.0,2078694700.0,5531543100.0,9376827200.0
419,f,10,00-20,23,1475171000.0,2452771000.0,3946791000.0,23083372259.0,2286752000.0,6029897100.0,10182243400.0
420,f,10,00-20,24,1184766000.0,2023087000.0,3344330100.0,22189202271.0,1993966500.0,5681397300.0,9607891100.0
421,f,10,00-20,25,1402981000.0,2315849000.0,3705874500.0,22209723050.0,2130863000.0,5724954900.0,9680212800.0
422,f,10,00-20,26,1546701000.0,2606211000.0,4238229000.0,24597874724.0,2489212000.0,6540279800.0,11023094100.0
423,f,10,00-20,27,1711620000.0,2762388000.0,4319151000.0,23225229383.0,2417089000.0,6031730800.0,10215156300.0
424,f,10,00-20,28,1505798000.0,2491994000.0,3988375000.0,23008480781.0,2297892000.0,5988017900.0,10127360700.0
425,f,10,00-20,29,1135519000.0,1920951000.0,3157169300.0,21670624928.0,1866376200.0,5468430700.0,9255178400.0
426,f,10,00-20,30,1421961000.0,2397848000.0,3907933000.0,23496020087.0,2298429000.0,6141021600.0,10366726000.0
427,f,10,00-20,31,2060760000.0,3333726000.0,5192663000.0,24855423515.0,2906971000.0,6640994800.0,11268813900.0
428,f,10,00-20,32,1397415000.0,2359968000.0,3846958000.0,23051065363.0,2264863000.0,6034154500.0,10182359400.0
429,f,10,00-20,33,1752526000.0,2885245000.0,4578865000.0,24148860296.0,2619036000.0,6403828200.0,10832433600.0
430,f,10,00-20,34,1191367000.0,2017445000.0,3304266400.0,21780706428.0,1952144500.0,5538176300.0,9363375200.0
431,f,10,00-20,35,1499591000.0,2441531000.0,3854963500.0,22307752213.0,2181638000.0,5717059700.0,9706655400.0
432,f,10,00-20,36,1987558000.0,3211231000.0,4991356000.0,24292814144.0,2788553000.0,6438997700.0,10931377300.0
433,f,10,00-20,37,1201762000.0,2046654000.0,3371239200.0,22188894399.0,2003730600.0,5682068600.0,9604506200.0
434,f,10,00-20,38,1388097000.0,2330685000.0,3783318000.0,23105129434.0,2214950000.0,5983516900.0,10126233300.0
435,f,10,00-20,39,1622215000.0,2678941000.0,4274585000.0,23633732873.0,2455974000.0,6225184700.0,10521651900.0
436,f,10,00-20,40,1726340000.0,2844005000.0,4510902000.0,23771457291.0,2580876000.0,6260263300.0,10615569900.0
437,f,10,00-20,41,1277259000.0,2155625000.0,3519175700.0,22611546321.0,2071980300.0,5799489600.0,9813645600.0
438,f,10,00-20,42,1623778000.0,2681299000.0,4271323000.0,23601702151.0,2452276000.0,6182016200.0,10457364200.0
439,f,10,00-20,43,1433072000.0,2398745000.0,3875166000.0,22971618682.0,2259574000.0,5974304000.0,10105578700.0
440,f,10,00-20,44,1524349000.0,2538999000.0,4081162000.0,23088166404.0,2366652000.0,6053853700.0,10236870000.0
441,f,10,00-20,45,1443403000.0,2405628000.0,3871462000.0,22736044366.0,2247051000.0,5908320400.0,9992634600.0
442,f,10,00-20,46,1934183000.0,3112547000.0,4833170000.0,23758331032.0,2690409000.0,6276144400.0,10648619500.0
443,f,10,00-20,47,1185042000.0,1999887000.0,3267506700.0,21734097314.0,1924131000.0,5519216000.0,9344243700.0
444,f,10,00-20,48,1478291000.0,2462209000.0,3958457000.0,23001189158.0,2295484000.0,6001873600.0,10147030700.0
445,f,10,00-20,49,1374077000.0,2303707000.0,3729236500.0,22825636501.0,2178697000.0,5875074700.0,9968318400.0
446,f,10,00-20,50,1157069000.0,1971634000.0,3252484100.0,21793511289.0,1934762600.0,5575743300.0,9408930700.0
447,f,10,00-20,51,1600065000.0,2635952000.0,4190439000.0,23435122214.0,2399749000.0,6109238600.0,10354662400.0
448,f,10,00-20,52,1411434000.0,2357239000.0,3798856000.0,22900941597.0,2209374000.0,5883776800.0,9984871600.0
449,f,10,00-20,53,1649349000.0,2711268000.0,4298660000.0,23425224423.0,2455008000.0,6142612700.0,10410918100.0
450,f,10,00-20,54,1427646000.0,2384451000.0,3842146000.0,22790707359.0,2234352000.0,5886153300.0,9973765700.0
451,f,10,00-20,55,1461912000.0,2426667000.0,3899900000.0,23023635459.0,2255539000.0,5990194100.0,10110555200.0
452,f,10,00-20,56,1489355000.0,2461092000.0,3935857000.0,22787831291.0,2264465000.0,5899495100.0,9995815700.0
453,f,10,00-20,57,1399839000.0,2339007000.0,3773859000.0,22520198300.0,2196464000.0,5833247300.0,9867112800.0
454,f,10,00-20,58,1438863000.0,2393484000.0,3853862000.0,22583530571.0,2234422000.0,5867620800.0,9933396600.0
455,f,10,00-20,59,2368070000.0,3760458000.0,5749528000.0,25288481169.0,3142769000.0,6797988100.0,11555023900.0
456,f,10,00-20,60,1128395000.0,1907701000.0,3136367400.0,21801885734.0,1853429900.0,5535704800.0,9347286100.0
457,f,10,00-20,61,1976816000.0,3203512000.0,5003611000.0,24694022354.0,2808283000.0,6577763200.0,11143769500.0
458,f,10,00-20,62,1851838000.0,3018637000.0,4749314000.0,24189872083.0,2686236000.0,6435272800.0,10885600500.0
459,f,10,00-20,63,1552186000.0,2548506000.0,4047517000.0,23070535656.0,2310805000.0,5986267700.0,10124019900.0
460,f,10,00-20,64,1286015000.0,2151569000.0,3486187600.0,22240424499.0,2034104000.0,5689557200.0,9639299000.0
461,f,10,00-20,65,1053597000.0,1770900000.0,2896522400.0,20710552577.0,1701566000.0,5107785800.0,8683981500.0
462,f,10,00-20,66,1090869000.0,1867705000.0,3095152200.0,21608084564.0,1850168600.0,5455615500.0,9252820400.0
463,f,10,00-20,67,1596771000.0,2603517000.0,4102788000.0,22773799963.0,2322289000.0,5885483300.0,9977067100.0
464,f,10,00-20,68,2002069000.0,3230858000.0,5028166000.0,24567608125.0,2808050000.0,6539322700.0,11081586600.0
465,f,10,00-20,69,1363683000.0,2251998000.0,3600216600.0,21730863122.0,2069917800.0,5574088100.0,9443900400.0
466,f,10,00-20,70,1286379000.0,2153559000.0,3492437700.0,22031945978.0,2039489600.0,5635898500.0,9539344900.0
467,f,10,00-20,71,1342150000.0,2244446000.0,3640725400.0,22770546756.0,2124763000.0,5876977900.0,9924192300.0
468,f,10,00-20,72,1435145000.0,2341323000.0,3704629300.0,21878126797.0,2101547900.0,5579863100.0,9460695300.0
469,f,10,00-20,73,1801686000.0,2920239000.0,4572235000.0,23463195118.0,2569307000.0,6178580600.0,10474010500.0
470,f,10,00-20,74,1134500000.0,1944863000.0,3222560500.0,22035223802.0,1927711200.0,5607887500.0,9472540900.0
471,f,10,00-20,75,1661491000.0,2765192000.0,4432468000.0,23923341993.0,2566267000.0,6350162000.0,10737731000.0
472,f,10,00-20,76,1295516000.0,2176161000.0,3539281600.0,22404990011.0,2074005400.0,5774433200.0,9760206700.0
473,f,10,00-20,77,1414037000.0,2352824000.0,3793343000.0,22909779331.0,2200669000.0,5920783900.0,10019548000.0
474,f,10,00-20,78,1799701000.0,2938442000.0,4631690000.0,23959229513.0,2625142000.0,6342976600.0,10736851600.0
475,f,10,00-20,79,1461614000.0,2422675000.0,3883254000.0,22980601034.0,2241289000.0,5938880300.0,10045707300.0
476,f,10,00-20,80,1362283000.0,2281874000.0,3701398000.0,22734290605.0,2162809000.0,5887858200.0,9943106300.0
477,f,10,00-20,81,1530389000.0,2533069000.0,4053578000.0,23172438166.0,2335589000.0,6039829800.0,10208627600.0
478,f,10,00-20,82,1401457000.0,2358778000.0,3837994000.0,23527056550.0,2252611000.0,6142167400.0,10370604600.0
479,f,10,00-20,83,1001400000.0,1707659400.0,2820833300.0,20428800175.0,1679584300.0,5052738700.0,8585981600.0
480,p,30,00-20,0,13718170000.0,20639078000.0,29648113000.0,92251093710.0,14899356000.0,24844602000.0,42996590000.0
481,p,30,00-20,1,7264083000.0,11849575000.0,18551180000.0,86644195300.0,10476625000.0,23681521000.0,39994622500.0
482,p,30,00-20,2,9265085000.0,14901128000.0,22717296000.0,89811173390.0,12529229000.0,24748114000.0,42161429300.0
483,p,30,00-20,3,9699282000.0,15644363000.0,23779353000.0,89354978180.0,13127998000.0,24753302000.0,42355805400.0
484,p,30,00-20,4,10301580000.0,16302518000.0,24691719000.0,93293669760.0,13399732000.0,25820673000.0,44085909700.0
485,p,30,00-20,5,8040323000.0,12747658000.0,19446624000.0,85989796910.0,10604555000.0,23242384000.0,39380122900.0
486,p,30,00-20,6,8779529000.0,14111991000.0,21611623000.0,90951697990.0,11939787000.0,24921530000.0,42258950300.0
487,p,30,00-20,7,7945576000.0,12942093000.0,20168896000.0,88064537900.0,11354630000.0,24266566000.0,41122635400.0
488,p,30,00-20,8,6915376000.0,11165512000.0,17319012000.0,82384643050.0,9661109000.0,22115998000.0,37436287600.0
489,p,30,00-20,9,9343424000.0,15106458000.0,23084676000.0,89381210640.0,12802859000.0,24653044000.0,42162551200.0
490,p,30,00-20,10,13752150000.0,20769611000.0,29874535000.0,93014499520.0,15084461000.0,25065958000.0,43409523900.0
491,p,30,00-20,11,6406948000.0,10610891000.0,16968554000.0,88163614400.0,9780505000.0,24022040000.0,40358163000.0
492,p,30,00-20,12,6690022000.0,10811566000.0,16879916000.0,83730736610.0,9451883000.0,22482998000.0,37920577100.0
493,p,30,00-20,13,8798910000.0,14182357000.0,21924629000.0,93503620870.0,12198837000.0,25816917000.0,43760090700.0
494,p,30,00-20,14,5741052000.0,9386685000.0,14871197000.0,81222211710.0,8455388000.0,21583574000.0,36295119800.0
495,p,30,00-20,15,10469886000.0,16339452000.0,24480550000.0,94070132000.0,13050561000.0,25673858000.0,43759744100.0
496,p,30,00-20,16,6910074000.0,11369261000.0,18029020000.0,89116581420.0,10305548000.0,24460565000.0,41142269800.0
497,p,30,00-20,17,7217263000.0,11682348000.0,18243330000.0,85649810820.0,10230043000.0,23344474000.0,39402354100.0
498,p,30,00-20,18,5741052000.0,9386685000.0,14871197000.0,81222211710.0,8455388000.0,21583574000.0,36295119800.0
499,p,30,00-20,19,10469886000.0,16339452000.0,24480550000.0,94070132000.0,13050561000.0,25673858000.0,43759744100.0
500,p,30,00-20,20,6910074000.0,11369261000.0,18029020000.0,89116581420.0,10305548000.0,24460565000.0,41142269800.0
501,p,30,00-20,21,7217263000.0,11682348000.0,18243330000.0,85649810820.0,10230043000.0,23344474000.0,39402354100.0
502,p,30,00-20,22,9499191000.0,15117184000.0,23036564000.0,90369561540.0,12598562000.0,25040117000.0,42646062800.0
503,p,30,00-20,23,7808126000.0,12220942000.0,18470013000.0,82590458180.0,9913421000.0,22116350000.0,37437877200.0
504,p,30,00-20,24,13881110000.0,21119303000.0,30561555000.0,95951779700.0,15602557000.0,25952836000.0,44960622300.0
505,p,30,00-20,25,7219966000.0,11766025000.0,18473104000.0,89174685530.0,10438563000.0,24282134000.0,40956597200.0
506,p,30,00-20,26,15727380000.0,23537486000.0,33386430000.0,94510855890.0,16554792000.0,25240695000.0,44154382700.0
507,p,30,00-20,27,10007648000.0,15826310000.0,23987732000.0,92979520770.0,13013888000.0,25584550000.0,43631519100.0
508,p,30,00-20,28,16227570000.0,24254764000.0,34457608000.0,98143482410.0,17079991000.0,26363634000.0,45989279500.0
509,p,30,00-20,29,6875000000.0,11293384000.0,17879036000.0,88144897050.0,10200757000.0,24092949000.0,40559012300.0
510,p,30,00-20,30,6739029000.0,10904616000.0,17019825000.0,82593682340.0,9538662000.0,22242681000.0,37580114400.0
511,h,30,00-20,0,6463753000.0,10526616000.0,16556873000.0,83018181560.0,9357381000.0,22373020000.0,37716908100.0
512,h,30,00-20,1,12920200000.0,19882268000.0,29124294000.0,93971922340.0,15141232000.0,25670222000.0,44402302900.0
513,h,30,00-20,2,6167726000.0,10107127000.0,16018549000.0,83244474220.0,9125502000.0,22552889000.0,37910959500.0
514,h,30,00-20,3,10409511000.0,16178574000.0,24039794000.0,87228741030.0,12711728000.0,23718051000.0,40687076300.0
515,h,30,00-20,4,13887990000.0,20741297000.0,29458295000.0,88376754480.0,14585999000.0,23467295000.0,40827232700.0
516,h,30,00-20,5,8654040000.0,13747430000.0,20958125000.0,87205975240.0,11445600000.0,23739197000.0,40378511800.0
517,h,30,00-20,6,9556359000.0,15057963000.0,22752800000.0,90086076100.0,12285592000.0,24599975000.0,41907365500.0
518,h,30,00-20,7,8096624000.0,12884738000.0,19751367000.0,85207524060.0,10830804000.0,23278232000.0,39442864000.0
519,h,30,00-20,8,8062489000.0,13027431000.0,20220061000.0,89093195510.0,11291845000.0,24418892000.0,41355888200.0
520,h,30,00-20,9,5286304000.0,8751646000.0,14033618000.0,80666604390.0,8094461000.0,21386301000.0,35958773700.0
521,h,30,00-20,10,14510660000.0,21345024000.0,29834046000.0,84442963520.0,14373489000.0,22159538000.0,38698714000.0
522,h,30,00-20,11,9759567000.0,15139339000.0,22513652000.0,85714068620.0,11888857000.0,23146688000.0,39587060000.0
523,h,30,00-20,12,9933346000.0,15794874000.0,24036342000.0,93458453530.0,13126794000.0,25759667000.0,43948605000.0
524,h,30,00-20,13,7961216000.0,12715218000.0,19593836000.0,86807767370.0,10803007000.0,23713541000.0,40092838300.0
525,h,30,00-20,14,9009469000.0,14151354000.0,21381904000.0,88040926020.0,11512023000.0,23953806000.0,40670927800.0
526,h,30,00-20,15,8199694000.0,12810435000.0,19338336000.0,83153011030.0,10358017000.0,22393001000.0,37952153700.0
527,h,30,00-20,16,7162687000.0,11549329000.0,17964444000.0,85126162920.0,10024696000.0,23054285000.0,38926276100.0
528,h,30,00-20,17,9480636000.0,14871918000.0,22413784000.0,89603399240.0,12039018000.0,24473495000.0,41595111200.0
529,h,30,00-20,18,10751632000.0,16489496000.0,24197276000.0,87635946460.0,12549552000.0,23638943000.0,40489464500.0
530,h,30,00-20,19,8692481000.0,13751591000.0,20896634000.0,86128348630.0,11353852000.0,23435422000.0,39858820100.0
531,h,30,00-20,20,8906099000.0,14223488000.0,21780291000.0,89817245520.0,11973538000.0,24583580000.0,41826733600.0
532,h,30,00-20,21,5536970000.0,9243359000.0,14915967000.0,81536067500.0,8677786000.0,22098328000.0,37094411900.0
533,h,30,00-20,22,9977660000.0,14508637000.0,20383506000.0,73985486240.0,9724860000.0,18995709000.0,32488128700.0
534,h,30,00-20,23,9660020000.0,15158153000.0,22781909000.0,86877182100.0,12223765000.0,23691611000.0,40512300500.0
535,h,30,00-20,24,9795333000.0,15377453000.0,23113814000.0,89348572810.0,12407544000.0,24318441000.0,41550898100.0
536,h,30,00-20,25,9715385000.0,15374225000.0,23321447000.0,93202206980.0,12664706000.0,25515991000.0,43446566200.0
537,n,30,00-20,0,7560761000.0,12096904000.0,18628639000.0,83470787110.0,10282927000.0,22625017000.0,38357957000.0
538,n,30,00-20,1,8094475000.0,12753007000.0,19342371000.0,82968036050.0,10461876000.0,22322167000.0,37940195700.0
539,n,30,00-20,2,9902036000.0,15288513000.0,22595573000.0,83992646680.0,11839383000.0,22546661000.0,38647410700.0
540,n,30,00-20,3,6175043000.0,10031921000.0,15737995000.0,79917568670.0,8868037000.0,21295244000.0,35993092900.0
541,n,30,00-20,4,7097779000.0,11485862000.0,17907938000.0,84157542380.0,10032557000.0,22925872000.0,38724286500.0
542,n,30,00-20,5,5742146000.0,9413839000.0,14915745000.0,79814304640.0,8499028000.0,21334498000.0,35935641900.0
543,n,30,00-20,6,10334913000.0,15704897000.0,22897230000.0,83699520210.0,11724819000.0,22312293000.0,38226844000.0
544,n,30,00-20,7,7234926000.0,11651273000.0,18028845000.0,81465471650.0,10027165000.0,22015146000.0,37358021600.0
545,n,30,00-20,8,8085089000.0,12778974000.0,19446687000.0,84944895300.0,10564583000.0,22858744000.0,38790611700.0
546,n,30,00-20,9,5375325000.0,8838496000.0,14050976000.0,76894898650.0,8035601000.0,20345970000.0,34348501600.0
547,n,30,00-20,10,7040825000.0,11267916000.0,17359755000.0,80546858930.0,9586342000.0,21513092000.0,36503286600.0
548,n,30,00-20,11,8427580000.0,13354745000.0,20320004000.0,85507483710.0,11063025000.0,23157655000.0,39389774500.0
549,n,30,00-20,12,5646221000.0,9374315000.0,15062873000.0,81187879080.0,8713990000.0,21962171000.0,36876152300.0
550,n,30,00-20,13,7500898000.0,12005203000.0,18507118000.0,83222499690.0,10223189000.0,22559127000.0,38201677600.0
551,n,30,00-20,14,7382674000.0,11932339000.0,18535443000.0,83476387410.0,10356957000.0,22800885000.0,38608032800.0
552,n,30,00-20,15,7517143000.0,11960217000.0,18346247000.0,80828885980.0,10061673000.0,21958011000.0,37193110500.0
553,n,30,00-20,16,10068312000.0,15560248000.0,23024894000.0,85331381530.0,12083552000.0,23016862000.0,39418097300.0
554,n,30,00-20,17,11780030000.0,17740549000.0,25548410000.0,85945708720.0,12869501000.0,22901980000.0,39428810000.0
555,n,30,00-20,18,7183643000.0,11586494000.0,18005091000.0,83343004530.0,10045690000.0,22652974000.0,38325899900.0
556,n,30,00-20,19,10421490000.0,15874002000.0,23167259000.0,84244087330.0,11897421000.0,22527821000.0,38586469700.0
557,n,30,00-20,20,4574481000.0,7605587000.0,12270387000.0,73908772710.0,7116306000.0,19423933000.0,32697148700.0
558,n,30,00-20,21,6711209000.0,10836803000.0,16863799000.0,80738673090.0,9422868000.0,21775725000.0,36830259800.0
559,n,30,00-20,22,7531043000.0,11842662000.0,18010679000.0,82736456310.0,9737115000.0,22146525000.0,37448216400.0
560,n,30,00-20,23,9420968000.0,14541985000.0,21542766000.0,83302393470.0,11299317000.0,22332298000.0,38145467500.0
561,n,30,00-20,24,6872137000.0,10722765000.0,16236979000.0,77154748760.0,8699919000.0,20277430000.0,34340044200.0
562,n,30,00-20,25,6700406000.0,10866142000.0,16976827000.0,81604257550.0,9535658000.0,22073537000.0,37313659300.0
563,n,30,00-20,26,6618014000.0,10736515000.0,16801889000.0,80404301820.0,9447644000.0,21693801000.0,36697901700.0
564,n,30,00-20,27,6659045000.0,10833588000.0,16951403000.0,81037068170.0,9551842000.0,21845863000.0,36984066800.0
565,n,30,00-20,28,5085399000.0,8335790000.0,13270392000.0,76557285360.0,7574792000.0,20186397000.0,33971998800.0
566,n,30,00-20,29,8877240000.0,13939025000.0,20995325000.0,84254384740.0,11283354000.0,22783082000.0,38856655000.0
567,n,30,00-20,30,7989929000.0,12681343000.0,19322605000.0,82946748940.0,10540859000.0,22394520000.0,38059459200.0
568,n,30,00-20,31,8324614000.0,12852458000.0,19074934000.0,79721052180.0,10016611000.0,20939037000.0,35760827400.0
569,n,30,00-20,32,7258029000.0,11656380000.0,17993462000.0,82035029330.0,9973810000.0,22135828000.0,37535997800.0
570,n,30,00-20,33,7159090000.0,11377441000.0,17403130000.0,81263229190.0,9521266000.0,21511949000.0,36533619500.0
571,n,30,00-20,34,7175544000.0,11538250000.0,17883756000.0,83875143020.0,9941777000.0,22573505000.0,38223333200.0
572,n,30,00-20,35,10188840000.0,15948118000.0,23876747000.0,88845440670.0,12757896000.0,24322020000.0,41618427300.0
573,n,30,00-20,36,8710431000.0,13802620000.0,20980371000.0,86463162340.0,11417198000.0,23487175000.0,39990066600.0
574,n,30,00-20,37,8539764000.0,13352009000.0,19999745000.0,81342793200.0,10676033000.0,21738712000.0,37125029300.0
575,n,30,00-20,38,8644963000.0,13569604000.0,20460180000.0,83763876150.0,10997923000.0,22675126000.0,38587135800.0
576,n,30,00-20,39,8964940000.0,13919545000.0,20747872000.0,82902229460.0,10977526000.0,22166392000.0,37831636200.0
577,n,30,00-20,40,6745466000.0,10798929000.0,16669947000.0,80253525080.0,9215459000.0,21432545000.0,36267291100.0
578,n,30,00-20,41,5713579000.0,9401927000.0,14937067000.0,80089729980.0,8544737000.0,21445543000.0,36141402600.0
579,n,30,00-20,42,7527915000.0,11823388000.0,17957981000.0,80213393380.0,9692360000.0,21462757000.0,36358714800.0
580,n,30,00-20,43,8129236000.0,12744609000.0,19218349000.0,81070748120.0,10319487000.0,21730290000.0,36968540600.0
581,n,30,00-20,44,5351115000.0,8847794000.0,14142101000.0,77967312090.0,8138892000.0,20713479000.0,34901048500.0
582,n,30,00-20,45,9380768000.0,14737991000.0,22171466000.0,86766320160.0,11914345000.0,23590981000.0,40283085000.0
583,n,30,00-20,46,4939446000.0,8137617000.0,12993705000.0,75115108050.0,7454442000.0,19738200000.0,33280186200.0
584,n,30,00-20,47,9059376000.0,14109312000.0,21093658000.0,83502342280.0,11210336000.0,22439885000.0,38316798800.0
585,f,30,00-20,0,6245225000.0,10080419000.0,15679910000.0,76246360050.0,8756359000.0,20282971000.0,34372898300.0
586,f,30,00-20,1,5067569000.0,8359851000.0,13343287000.0,74520922710.0,7661741000.0,19728170000.0,33270091600.0
587,f,30,00-20,2,5401536000.0,8817824000.0,13930297000.0,74470626300.0,7901735000.0,19712991000.0,33268116800.0
588,f,30,00-20,3,6873729000.0,10982416000.0,16898585000.0,78246803330.0,9312553000.0,20955432000.0,35522488700.0
589,f,30,00-20,4,4606704000.0,7614127000.0,12181972000.0,70927504870.0,7010945000.0,18436650000.0,31141703900.0
590,f,30,00-20,5,6256884000.0,10189087000.0,16000530000.0,78012155840.0,9036327000.0,21056851000.0,35591052700.0
591,f,30,00-20,6,5256536000.0,8584032000.0,13593190000.0,73523210370.0,7720482000.0,19504073000.0,32867217100.0
592,f,30,00-20,7,5266334000.0,8620244000.0,13643009000.0,73696486350.0,7761068000.0,19389429000.0,32798831000.0
593,f,30,00-20,8,5430212000.0,8915377000.0,14112843000.0,75388085600.0,8047355000.0,19882091000.0,33647802900.0
594,f,30,00-20,9,5531089000.0,9054713000.0,14302279000.0,75591606310.0,8129830000.0,19984482000.0,33793617600.0
595,f,30,00-20,10,5470136000.0,8990622000.0,14256090000.0,74988630880.0,8141399000.0,19981283000.0,33750696600.0
596,f,30,00-20,11,5410394000.0,8814184000.0,13891272000.0,74415584160.0,7859013000.0,19589143000.0,33101595900.0
597,f,30,00-20,12,5632207000.0,9251288000.0,14652458000.0,76809928160.0,8359964000.0,20428977000.0,34547638300.0
598,f,30,00-20,13,8053792000.0,12771313000.0,19420150000.0,80743491920.0,10576038000.0,21813976000.0,37191255600.0
599,f,30,00-20,14,5126686000.0,8550091000.0,13773546000.0,75759325370.0,8001615000.0,20326608000.0,34192637800.0
600,f,30,00-20,15,6619343000.0,10618917000.0,16441193000.0,77959377040.0,9117599000.0,20890632000.0,35374814600.0
601,f,30,00-20,16,5937291000.0,9650915000.0,15137170000.0,76606004230.0,8531979000.0,20389438000.0,34514805500.0
602,f,30,00-20,17,6381963000.0,10442886000.0,16466024000.0,79521633800.0,9350425000.0,21590049000.0,36486170500.0
603,f,30,00-20,18,5640344000.0,9286597000.0,14747058000.0,76397941020.0,8438348000.0,20459230000.0,34542040100.0
604,f,30,00-20,19,5830078000.0,9501324000.0,14933442000.0,75201224230.0,8441470000.0,20027568000.0,33885490200.0
605,f,30,00-20,20,6668164000.0,10681581000.0,16481328000.0,77996715280.0,9114128000.0,20764112000.0,35227517800.0
606,f,30,00-20,21,6399457000.0,10268264000.0,15883502000.0,76983992310.0,8805309000.0,20536693000.0,34774051900.0
607,f,30,00-20,22,5757603000.0,9450184000.0,14957740000.0,76225810930.0,8527385000.0,20412441000.0,34496834600.0
608,f,30,00-20,23,7596308000.0,12098274000.0,18521610000.0,80449646050.0,10156708000.0,21723055000.0,36926297600.0
609,f,30,00-20,24,6550165000.0,10531207000.0,16303796000.0,77040131420.0,9057420000.0,20599914000.0,34947950200.0
610,f,30,00-20,25,4968315000.0,8235561000.0,13186006000.0,74923670370.0,7607701000.0,19716318000.0,33273851200.0
611,f,30,00-20,26,4970174000.0,8149702000.0,12917928000.0,72289189590.0,7362254000.0,18833670000.0,31863595700.0
612,f,30,00-20,27,5261158000.0,8575467000.0,13502140000.0,73820048690.0,7638603000.0,19232110000.0,32584125700.0
613,f,30,00-20,28,5663894000.0,9214214000.0,14476615000.0,74913240970.0,8170359000.0,19854284000.0,33553152300.0
614,f,30,00-20,29,8920155000.0,13992315000.0,20999565000.0,81958282080.0,11255056000.0,22113695000.0,37855990900.0
615,f,30,00-20,30,4591019000.0,7568941000.0,12070400000.0,70876222500.0,6924800000.0,18256632000.0,30929552400.0
616,f,30,00-20,31,6606754000.0,10684858000.0,16639809000.0,78402074550.0,9312631000.0,21094683000.0,35742771700.0
617,f,30,00-20,32,4080848000.0,6869549000.0,11209221000.0,71102626060.0,6586477000.0,18412922000.0,31052922700.0
618,f,30,00-20,33,4743484000.0,7849977000.0,12574896000.0,73672635460.0,7247559000.0,19312379000.0,32552962100.0
619,f,30,00-20,34,8033960000.0,12625955000.0,19070651000.0,79151838760.0,10270628000.0,21283109000.0,36277575100.0
620,f,30,00-20,35,7263719000.0,11497639000.0,17514279000.0,78081693620.0,9530645000.0,20810297000.0,35383484200.0
621,f,30,00-20,36,5473755000.0,8960582000.0,14165849000.0,74899790150.0,8055210000.0,19794366000.0,33479748500.0
622,f,30,00-20,37,5387189000.0,8827285000.0,13977022000.0,74755084260.0,7958972000.0,19821898000.0,33489914000.0
623,f,30,00-20,38,7064287000.0,11249432000.0,17261894000.0,78349028860.0,9474938000.0,20988263000.0,35638175800.0
624,f,30,00-20,39,4470317000.0,7443227000.0,11980870000.0,71595708140.0,6949478000.0,18606045000.0,31471994000.0
625,f,30,00-20,40,6874335000.0,10972169000.0,16897837000.0,77716764560.0,9308605000.0,20820142000.0,35308895600.0
626,f,30,00-20,41,7206792000.0,11454913000.0,17528154000.0,78716477430.0,9592750000.0,21123156000.0,35837966600.0
627,f,30,00-20,42,5138653000.0,8448598000.0,13420272000.0,73470396310.0,7671488000.0,19288070000.0,32620491700.0
628,f,30,00-20,43,5637945000.0,9270983000.0,14701319000.0,76843968950.0,8399118000.0,20556168000.0,34737680800.0
629,f,30,00-20,44,6030973000.0,9740895000.0,15206222000.0,76404664450.0,8509593000.0,20369221000.0,34407632600.0
630,f,30,00-20,45,6176387000.0,10007408000.0,15635425000.0,76294977490.0,8775671000.0,20406552000.0,34537860600.0
631,f,30,00-20,46,5250036000.0,8732697000.0,14033499000.0,76781424640.0,8129525000.0,20584007000.0,34630811800.0
632,f,30,00-20,47,6184224000.0,10072489000.0,15792140000.0,77700840340.0,8913689000.0,20858002000.0,35313370400.0
633,f,30,00-20,48,5301330000.0,8744022000.0,13910518000.0,75569143290.0,7975925000.0,20028968000.0,33857573300.0
634,f,30,00-20,49,4541567000.0,7554639000.0,12154206000.0,71628110230.0,7043707000.0,18636024000.0,31492867700.0
635,f,30,00-20,50,4339135000.0,7258583000.0,11745356000.0,71963751770.0,6849652000.0,18625977000.0,31488998900.0
636,f,30,00-20,51,5440022000.0,8821407000.0,13841716000.0,73945927430.0,7787588000.0,19441946000.0,32849879600.0
637,f,30,00-20,52,5988208000.0,9662085000.0,15035468000.0,74806805940.0,8395761000.0,19759099000.0,33496243900.0
638,f,30,00-20,53,6577074000.0,10575854000.0,16377512000.0,76880148260.0,9099892000.0,20589141000.0,34916198100.0
639,f,30,00-20,54,6334974000.0,10312244000.0,16148219000.0,78222816690.0,9105799000.0,21073490000.0,35663564000.0
640,f,30,00-20,55,6476567000.0,10512720000.0,16437776000.0,78147257320.0,9242698000.0,21070130000.0,35676307600.0
641,f,30,00-20,56,5023871000.0,8210951000.0,13004296000.0,72054427200.0,7391080000.0,18946086000.0,31991982800.0
642,f,30,00-20,57,6620700000.0,10720484000.0,16718671000.0,78361245150.0,9371995000.0,21130039000.0,35812870600.0
643,f,30,00-20,58,7626064000.0,11998945000.0,18184430000.0,78918521370.0,9819765000.0,21075099000.0,35852965000.0
644,f,30,00-20,59,5941831000.0,9584047000.0,14968962000.0,75453882220.0,8369869000.0,20130487000.0,33998813600.0
645,f,30,00-20,60,6094005000.0,9915591000.0,15577401000.0,77944406420.0,8793388000.0,20932872000.0,35363525500.0
646,f,30,00-20,61,7307689000.0,11510316000.0,17458253000.0,76667213640.0,9439641000.0,20430456000.0,34735483700.0
647,f,30,00-20,62,5218672000.0,8557185000.0,13560266000.0,74294310720.0,7728503000.0,19472823000.0,32953394700.0
648,f,30,00-20,63,5312968000.0,8679592000.0,13688414000.0,72645420930.0,7763528000.0,19173128000.0,32448978000.0
649,f,30,00-20,64,4728818000.0,7823229000.0,12536004000.0,73873164600.0,7224562000.0,19351401000.0,32640928600.0
650,f,30,00-20,65,8107330000.0,12914355000.0,19712533000.0,81568485670.0,10796488000.0,22154225000.0,37776682400.0
651,f,30,00-20,66,4683792000.0,7789040000.0,12517639000.0,72540382120.0,7250188000.0,18936272000.0,32031826100.0
652,f,30,00-20,67,6920633000.0,11053018000.0,16992641000.0,77409509790.0,9358181000.0,20682671000.0,35141513800.0
653,f,30,00-20,68,5376059000.0,8800713000.0,13911346000.0,74524047680.0,7909701000.0,19711518000.0,33322288000.0
654,f,30,00-20,69,5451135000.0,9012965000.0,14389890000.0,76420607600.0,8277887000.0,20482158000.0,34531204000.0
655,f,30,00-20,70,6117406000.0,9933432000.0,15574512000.0,77820029220.0,8769923000.0,20881518000.0,35266115100.0
656,f,30,00-20,71,5654375000.0,9268482000.0,14648811000.0,75922134300.0,8337204000.0,20182703000.0,34141029100.0
657,f,30,00-20,72,4799649000.0,7914993000.0,12634245000.0,72807572280.0,7252627000.0,18996567000.0,32099160200.0
658,f,30,00-20,73,5747295000.0,9377115000.0,14759953000.0,75685328760.0,8355902000.0,20103589000.0,34005131300.0
659,f,30,00-20,74,5316816000.0,8782564000.0,13982939000.0,74986472230.0,8029063000.0,19846842000.0,33572602800.0
660,f,30,00-20,75,4974786000.0,8177803000.0,12998872000.0,72902289080.0,7431346000.0,19159473000.0,32361295800.0
661,f,30,00-20,76,5309511000.0,8760548000.0,13962635000.0,76286193510.0,8013701000.0,20265346000.0,34185545000.0
662,f,30,00-20,77,7280154000.0,11590164000.0,17752332000.0,78831035150.0,9733663000.0,21177012000.0,35987720800.0
663,f,30,00-20,78,6191930000.0,10067023000.0,15761834000.0,77891034400.0,8878719000.0,20782049000.0,35200805600.0
664,f,30,00-20,79,6245016000.0,10043684000.0,15587337000.0,77214615320.0,8670050000.0,20465475000.0,34630702200.0
665,f,30,00-20,80,6546215000.0,10485333000.0,16165735000.0,76014809120.0,8935950000.0,20150666000.0,34267423900.0
666,f,30,00-20,81,5485795000.0,8998518000.0,14266676000.0,75788914230.0,8134307000.0,20204406000.0,34052116600.0
667,f,30,00-20,82,4532228000.0,7540111000.0,12120722000.0,71127713500.0,7022831000.0,18597684000.0,31415601300.0
668,f,30,00-20,83,5042016000.0,8351460000.0,13373818000.0,74873802230.0,7712876000.0,19816126000.0,33426292800.0
669,f,30,00-20,84,5709304000.0,9349679000.0,14759658000.0,76294915960.0,8390000000.0,20335985000.0,34368381500.0
670,f,30,00-20,85,5419076000.0,8713139000.0,13568563000.0,71774316120.0,7557368000.0,18752754000.0,31733796900.0
671,f,30,00-20,86,4827185000.0,8005383000.0,12834757000.0,73960625820.0,7411548000.0,19363781000.0,32723143600.0
672,f,30,00-20,87,5680882000.0,9293778000.0,14663464000.0,75411556100.0,8327117000.0,20134064000.0,34018751800.0
673,f,30,00-20,88,6769723000.0,10872000000.0,16803945000.0,77825598740.0,9319360000.0,20895002000.0,35434301700.0
674,f,30,00-20,89,4962331000.0,8252115000.0,13249750000.0,74448605640.0,7671272000.0,19678349000.0,33209142800.0
675,f,30,00-20,90,7235270000.0,11567955000.0,17768014000.0,78057192090.0,9789815000.0,21046338000.0,35786045700.0
676,f,30,00-20,91,6612707000.0,10697038000.0,16638811000.0,77942919900.0,9308799000.0,20935004000.0,35517523400.0
677,f,30,00-20,92,6671459000.0,10752272000.0,16714284000.0,79002301930.0,9320974000.0,21331372000.0,36091456000.0
678,f,30,00-20,93,5081932000.0,8394285000.0,13401443000.0,74801002100.0,7703370000.0,19705536000.0,33271197800.0
679,f,30,00-20,94,5799886000.0,9491061000.0,14972506000.0,75555881480.0,8503878000.0,20227206000.0,34202339100.0
680,f,30,00-20,95,6165757000.0,10015865000.0,15668090000.0,77228284380.0,8816347000.0,20611343000.0,34900459900.0
681,f,30,00-20,96,6302129000.0,10258438000.0,16071040000.0,77592236880.0,9064000000.0,20841858000.0,35303419500.0
682,f,30,00-20,97,5581066000.0,9125762000.0,14398676000.0,75621896890.0,8173652000.0,20022568000.0,33884238900.0
683,f,30,00-20,98,6474694000.0,10358887000.0,15981717000.0,76718721820.0,8828186000.0,20324803000.0,34464796800.0
684,f,30,00-20,99,5380480000.0,8816529000.0,13953291000.0,74139289520.0,7943335000.0,19684502000.0,33228464900.0
