EID,I_coef
23001,1.1997726122061056
23003,1.1997726122061056
23005,1.1997726122061056
23007,1.1997726122061056
23009,1.1997726122061056
23011,1.1997726122061056
23013,1.1997726122061056
23015,1.1997726122061056
23017,1.1997726122061056
23019,1.1997726122061056
23021,1.1997726122061056
23023,1.1997726122061056
23025,1.1997726122061056
23027,1.1997726122061056
23029,1.1997726122061056
23031,1.1997726122061056
23033,1.1997726122061056
23035,1.1997726122061056
23037,1.1997726122061056
23041,1.1997726122061056
23043,1.1997726122061056
23045,1.1997726122061056
23047,1.1997726122061056
23049,1.1997726122061056
23051,1.1997726122061056
23053,1.1997726122061056
23055,1.1997726122061056
23057,1.1997726122061056
23059,1.1997726122061056
23061,1.1997726122061056
23063,1.1997726122061056
23065,1.1997726122061056
23067,1.1997726122061056
23069,1.1997726122061056
23071,1.1997726122061056
23073,1.1997726122061056
23075,1.1997726122061056
23077,1.1997726122061056
23079,1.1997726122061056
23081,1.1997726122061056
23083,1.1997726122061056
23085,1.1997726122061056
23087,1.1997726122061056
23089,1.1997726122061056
23091,1.1997726122061056
23093,1.1997726122061056
23095,1.1997726122061056
23097,1.1997726122061056
23099,1.1997726122061056
23101,1.1997726122061056
23103,1.1997726122061056
23105,1.0
23107,1.0
23109,1.0
23111,1.0
23113,1.0
23115,1.0
23117,1.0
23119,1.0
23121,1.0
23123,1.0
23125,1.0
23127,1.0
23129,1.0
23131,1.0
23133,1.0
23135,1.0
23137,1.0
23139,1.0
23141,1.0
23143,1.0
23145,1.0
23147,1.0
23149,1.0
23151,1.0
23153,1.0
23155,1.0
23157,1.0
23159,1.0
23161,1.0
23163,1.0
23167,1.0
23169,1.0
23171,1.0
23173,1.0
23175,1.0
23177,1.0
23179,1.0
23181,1.0
23185,1.0
23187,1.0
23189,1.0
23191,1.0
23193,1.0
23195,1.0
23197,1.0
23199,1.0
23201,1.0
23203,1.0
23205,1.0
23207,1.0
23209,1.0
23211,1.0
23213,1.0
23215,1.0
23217,1.0
23219,1.0
23221,1.0
23223,1.0
23225,1.0
23227,1.0
23229,1.0
23231,1.0
23233,1.0
23235,1.0
23237,1.0
23239,1.0
23241,1.0
23245,1.0
23247,1.0
23251,1.0
23253,1.0
23255,1.0
23257,1.0
23259,1.0
23261,1.0
23265,1.0
23267,1.0
23269,1.0
23273,1.0
23275,1.0
23277,1.0
23279,1.0
23281,1.0
23285,1.0
23287,1.0
23295,1.0
23297,1.0
23301,1.0
23305,1.0
23309,1.0
23311,1.0
23313,1.0
23315,1.0
23317,1.0
23319,1.0
23321,1.0
23323,1.0
23325,1.0
23327,1.0
23329,1.0
23331,1.0
23333,1.0
23335,1.0
23337,1.0
23339,1.0
23341,1.0
23343,1.0
23345,1.0
23349,1.0
23351,1.0
23353,1.0
23355,1.0
23357,1.0
23359,1.0
23361,1.0
23363,1.0
23365,1.0
23367,1.0
23369,1.0
23371,1.0
23373,1.0
23375,1.0
23377,1.0
23379,1.0
23383,1.0
23385,1.0
23387,1.0
23389,1.0
23391,1.0
23393,1.0
23395,1.0
23397,1.0
23399,1.0
23401,1.0
23403,1.0
23407,1.0
23409,1.0
23413,1.0
23415,1.0
23417,1.0
23419,1.0
23421,1.0
23423,1.0
23425,1.0
23427,1.0
23429,1.0
23431,1.0
23433,1.0
23435,1.0
23437,1.0
23439,1.0
23441,1.0
23443,1.0
23445,1.0
23447,1.0
23449,1.0
23451,1.0
23453,1.0
23455,1.0
23457,1.0
23459,1.0
23509,1.0
23511,1.0
23513,1.0
23515,1.0
23517,1.0
23519,1.0
23521,1.0
23523,1.0
23525,1.0
23527,1.0
23529,1.0
23533,1.0
23535,1.0
23537,1.0
23539,1.0
23541,1.0
23543,1.0
23545,1.0
23547,1.0
23549,1.0
23551,1.0
23553,1.0
23555,1.0
23557,1.0
23559,1.0
23561,1.0
23563,1.0
23565,1.0
23567,1.0
23569,1.0
23571,1.0
23573,1.0
23575,1.0
23577,1.0
23579,1.0
23581,1.0
23583,1.0
23585,1.0
23587,1.0
23589,1.0
23591,1.0
23593,1.0
23595,1.0
23597,1.0
23599,1.0
23601,1.0
23603,1.0
23605,1.0
23607,1.0
23609,1.0
23611,1.0
23613,1.0
23615,1.0
23617,1.0
23619,1.0
23621,1.0
23623,1.0
23625,1.0
23627,1.0
23629,1.0
23631,1.0
23633,1.0
23635,1.0
23637,1.0
23639,1.0
23641,1.0
23643,1.0
23645,1.0
23647,1.0
23651,1.0
23653,1.0
23655,1.0
23657,1.0
23659,1.0
23661,1.0
23663,1.0
23665,1.0
23667,1.0
23669,1.0
23671,1.0
23673,1.0
23675,1.0
23677,1.0
23679,1.0
23681,1.0
23683,1.0
23685,1.0
23687,1.0
23689,1.0
23691,1.0
23693,1.0
23695,1.0
23697,1.0
23699,1.0
23701,1.0
23703,1.0
23705,1.0
23707,1.0
23709,1.0
23711,1.0
23715,1.0
23717,1.0
23719,1.0
23721,1.0
23723,1.0
23725,1.0
23727,1.0
23731,1.0
23733,1.0
23735,1.0
23737,1.0
23739,1.0
23741,1.0
23743,1.0
23745,1.0
23747,1.0
23749,1.0
23751,1.0
23753,1.0
23755,1.0
23757,1.0
23759,1.0
23763,1.0
23765,1.0
23767,1.0
23769,1.0
23771,1.0
23773,1.0
23775,1.0
23777,1.0
23779,1.0
23781,1.0
23783,1.0
23787,1.0
23791,1.0
23793,1.0
23797,1.0
23799,1.0
23801,1.0
23803,1.0
23805,1.0
23807,1.0
23811,1.0
23813,1.0
23815,1.0
23817,1.0
23819,1.0
23821,1.0
23823,1.0
23825,1.0
23827,1.0
23829,1.0
23831,1.0
23833,1.0
23835,1.0
23837,1.0
23839,1.0
23841,1.0
23843,1.0
23845,1.0
23847,1.0
23849,1.0
23851,1.0
23853,1.0
23855,1.0
23857,1.0
23859,1.0
23861,1.0
23863,1.0
23865,1.0
23867,1.0
23869,1.0
23871,1.0
23873,1.0
23877,1.0
23879,1.0
23881,1.0
23883,1.0
23885,1.0
23887,1.0
23889,1.0
23891,1.0
23893,1.0
23897,1.0
23899,1.0
23901,1.0
23903,1.0
23905,1.0
23907,1.0
23911,1.0
23913,1.0
23915,1.0
23917,1.0
23919,1.0
23921,1.0
23923,1.0
23925,1.0
23927,1.0
23929,1.0
23931,1.0
23933,1.0
23935,1.0
23937,1.0
23939,1.0
23943,1.0
23947,1.0
23951,1.0
23953,1.0
23955,1.0
23957,0.9745458218496125
23959,0.9745458218496125
23961,0.9745458218496125
23963,0.9745458218496125
23965,0.9745458218496125
23967,0.9745458218496125
23969,0.9745458218496125
23971,0.9745458218496125
23973,0.9745458218496125
23975,0.9745458218496125
23977,0.9745458218496125
23981,0.9745458218496125
23983,0.9745458218496125
23985,0.9745458218496125
23987,0.9745458218496125
23989,0.9745458218496125
23991,0.9745458218496125
23993,0.9745458218496125
23995,0.9745458218496125
23997,0.9745458218496125
23999,0.9745458218496125
24001,0.9714548736721735
24003,0.9714548736721735
24005,0.9714548736721735
24007,0.9714548736721735
24009,0.9714548736721735
24011,0.9714548736721735
24013,0.9714548736721735
24015,0.9714548736721735
24017,0.9714548736721735
24019,0.9714548736721735
24021,0.9714548736721735
24023,0.9714548736721735
24025,0.9714548736721735
24027,0.9714548736721735
24029,0.9714548736721735
24031,0.9714548736721735
24033,0.9714548736721735
24035,0.9714548736721735
24037,0.9714548736721735
24039,0.9714548736721735
24041,0.9714548736721735
24043,0.9714548736721735
24045,0.9714548736721735
24047,0.9714548736721735
24049,0.9714548736721735
24051,0.9714548736721735
24055,0.9714548736721735
24057,0.9714548736721735
24059,0.9714548736721735
24061,0.9714548736721735
24063,0.9714548736721735
24065,0.9714548736721735
24067,0.9714548736721735
24069,0.9714548736721735
24071,0.9714548736721735
24073,0.9714548736721735
24075,0.9714548736721735
24077,0.9714548736721735
24079,0.9714548736721735
24081,0.9714548736721735
24083,0.9714548736721735
24085,0.9714548736721735
24087,0.9714548736721735
24089,0.9714548736721735
24091,0.9714548736721735
24093,0.9714548736721735
24095,0.9714548736721735
24097,0.9714548736721735
24099,0.9714548736721735
24101,0.9714548736721735
24103,0.9714548736721735
24105,0.9714548736721735
24107,0.9714548736721735
24109,0.9714548736721735
24111,0.9714548736721735
24113,0.9714548736721735
24115,0.9714548736721735
24117,0.9714548736721735
24121,0.9714548736721735
24123,0.9714548736721735
24125,0.9714548736721735
24127,0.9714548736721735
24129,0.9714548736721735
24131,0.9714548736721735
24133,0.9714548736721735
24135,0.9714548736721735
24137,0.9714548736721735
24139,0.9714548736721735
24141,0.9714548736721735
24143,0.9714548736721735
24145,0.9714548736721735
24147,0.9714548736721735
24149,0.9714548736721735
24151,0.9714548736721735
24153,0.9714548736721735
24155,0.9714548736721735
24159,0.9714548736721735
24161,0.9714548736721735
24163,0.9714548736721735
24165,0.9714548736721735
24167,0.9714548736721735
24169,0.9714548736721735
24171,0.9714548736721735
24173,0.9714548736721735
24175,0.9714548736721735
24177,0.9714548736721735
24179,0.9714548736721735
24181,0.9714548736721735
24183,0.9714548736721735
24185,0.9714548736721735
24187,0.9714548736721735
24189,0.9714548736721735
24191,0.9714548736721735
24197,0.9714548736721735
24199,0.9714548736721735
24201,0.9714548736721735
24203,0.9714548736721735
24205,0.9745458218496125
24207,0.9745458218496125
24209,0.9745458218496125
24211,0.9745458218496125
24213,0.9745458218496125
24215,0.9745458218496125
24217,0.9745458218496125
24219,0.9745458218496125
24223,0.9745458218496125
24225,0.9745458218496125
24227,0.9745458218496125
24229,0.9745458218496125
24231,0.9745458218496125
24233,0.9745458218496125
24235,0.9745458218496125
24237,0.9745458218496125
24239,0.9745458218496125
24241,0.9745458218496125
24243,0.9745458218496125
24245,0.9745458218496125
24247,1.0
24249,1.0
24251,1.0
24253,1.0
24255,1.0
24257,1.0
24259,1.0
24261,1.0
24263,1.0
24265,1.0
24267,1.0
24269,1.0
24273,1.0
24275,1.0
24277,1.0
24279,1.0
24281,1.0
24283,1.0
24285,1.0
24287,1.0
24289,1.0
24291,1.0
24293,1.0
24295,1.0
24297,1.0
24299,1.0
24301,1.0
24303,1.0
24305,1.0
24309,1.0
24313,1.0
24315,1.0
24317,1.0
24319,1.0
24321,1.0
24323,1.0
24327,1.0
24329,1.0
24331,1.0
24333,1.0
24335,1.0
24337,1.0
24339,1.0
24341,1.0
24343,1.0
24345,1.0
24347,1.0
24349,1.0
24351,1.0
24353,1.0
24355,1.0
24357,1.0
24359,1.0
24361,1.0
24363,1.0
24365,1.0
24367,1.0
24369,1.0
24371,1.0
24373,1.0
24377,1.0
24379,1.0
24381,1.0
24383,1.0
24387,1.0
24393,1.0
24395,1.0
24397,1.0
24399,1.0
24403,1.0
24405,1.0
24407,1.0
24409,1.0
24411,1.0
24415,1.0
24417,1.0
24419,1.0
24423,1.0
24425,1.0
24429,1.0
24431,1.0
24433,1.0
24435,1.0
24437,1.0
24439,1.0
24441,1.0
24443,1.0
24445,1.0
24447,1.0
24449,1.0
24451,1.0
24453,1.0
24455,1.0
24457,1.0
24459,1.0
24461,1.0
24463,1.0
24465,1.0
24467,1.0
24469,1.0
24471,1.0
24473,1.0
24475,1.0
24479,1.0
24481,1.0
24483,1.0
24485,1.0
24487,1.0
24489,1.0
24491,1.0
24493,1.0
24495,1.0
24499,1.0
24501,1.0
24503,1.0
24507,1.0
24509,1.0
24511,1.0
24513,1.0
24515,1.0
24517,1.0
24519,1.0
24521,1.0
24523,1.0
24531,1.0
24533,1.0
24535,1.0
24537,1.0
24541,1.0
24543,1.0
24545,1.0
24547,1.0
24549,1.0
24551,1.0
24553,1.0
24555,1.0
24557,1.0
24559,1.0
24563,1.0
24565,1.0
24567,1.0
24569,1.0
24571,1.0
24573,1.0
24575,1.0
24577,1.0
24579,1.0
24581,1.0
24583,1.0
24585,1.0
24587,1.0
24589,1.0
24595,1.0
24597,1.0
24599,1.0
24601,1.0
24603,1.0
24605,1.0
24607,1.0
24609,1.0
24611,1.0
24613,1.0
24615,1.0
24617,1.0
24621,1.0
24623,1.0
24625,1.0
24627,1.0
24629,1.0
24631,1.0
24633,1.0
24637,1.0
24641,1.0
24643,1.0
24645,1.0
24647,1.0
24649,1.0
24651,1.0
24653,1.0
24655,1.0
24657,1.0
24663,1.0
24665,1.0
24667,1.0
24669,1.0
24671,1.0
24675,1.0
24677,1.0
24679,1.0
24681,1.0
24683,1.0
24685,1.0
24687,1.0
24689,1.0
24693,1.0
24695,1.0
24697,1.0
24699,1.0
24701,1.0
24705,1.0
24707,1.0
24711,1.0
24713,1.0
24715,1.0
24717,1.0
24719,1.0
24721,1.0
24723,1.0
24725,1.0
24727,1.0
24729,1.0
24733,1.0
24735,1.0
24737,1.0
24741,1.0
24743,1.0
24745,1.0
24747,1.0
24749,1.0
24751,1.0
24753,1.0
24755,1.0
24757,1.0
24759,1.0
24761,1.0
24763,1.0
24765,1.0
24767,1.0
24769,1.0
24771,1.0
24773,1.0
24775,1.0
24777,1.0
24783,1.0
24785,1.0
24787,1.0
24789,1.0
24791,1.0
24793,1.0
24795,1.0
24797,1.0
24799,1.0
24801,1.0
24803,1.0
24805,1.0
24807,1.0
24809,1.0
24811,1.0
24813,1.0
24815,1.0
24817,1.0
24819,1.0
24821,1.0
24823,1.0
24825,1.0
24827,1.0
24829,1.0
24831,1.0
24833,1.0
24835,1.0
24839,1.0
24841,1.0
24843,1.0
24845,1.0
24847,1.0
24849,1.0
24853,1.0
24855,1.0
24857,1.0
24859,1.0
24861,1.0
24865,1.0
24867,1.0
24869,1.0
24871,1.0
24873,1.0
24875,1.0
24877,1.0
24879,1.0
24881,1.0
24883,1.0
24885,1.0
24887,1.0
24889,1.0
24891,1.0
24893,1.0
24895,1.0
24897,1.0
24899,1.0
24901,1.0
24903,1.0
24905,1.0
24909,1.0
24915,1.0
24917,1.0
24919,1.0
24921,1.0
24923,1.0
24925,1.0
24927,1.0
24929,1.0
24931,1.0
24933,1.0
24935,1.0
24937,1.0
24941,0.9839378200598783
24943,0.9839378200598783
24945,0.9839378200598783
24947,0.9839378200598783
24949,0.9839378200598783
24951,0.9839378200598783
24953,0.9839378200598783
24955,0.9839378200598783
24957,0.9839378200598783
24959,0.9839378200598783
24965,0.9839378200598783
24967,0.9839378200598783
24969,0.9839378200598783
24971,0.9839378200598783
24977,0.9839378200598783
24979,0.9839378200598783
24981,0.9839378200598783
24983,0.9839378200598783
24985,0.9839378200598783
24987,0.9839378200598783
24989,0.9839378200598783
24993,0.9839378200598783
24999,0.9839378200598783
25003,0.9839378200598783
25007,0.9839378200598783
25009,0.9839378200598783
25013,0.9839378200598783
25015,0.9839378200598783
25017,0.9839378200598783
25023,0.9839378200598783
25025,0.9839378200598783
25027,0.9839378200598783
25029,0.9839378200598783
25031,0.9839378200598783
25033,0.9839378200598783
25035,0.9839378200598783
25037,0.9839378200598783
25039,0.9839378200598783
25041,0.9839378200598783
25043,0.9839378200598783
25045,0.9839378200598783
25047,0.9839378200598783
25049,0.9839378200598783
25057,0.9839378200598783
25059,0.9839378200598783
25061,0.9839378200598783
25065,0.9839378200598783
25067,0.9839378200598783
25069,0.9839378200598783
25073,0.9839378200598783
25081,0.9839378200598783
25085,0.9839378200598783
25087,0.9839378200598783
25089,0.9839378200598783
25093,0.9839378200598783
25099,0.9839378200598783
25103,0.9839378200598783
25107,0.9839378200598783
25109,0.9839378200598783
25111,0.9839378200598783
25113,0.9839378200598783
25115,0.9839378200598783
25117,0.9839378200598783
25119,0.9839378200598783
25123,0.9839378200598783
25125,0.9839378200598783
25127,0.9839378200598783
25129,0.9839378200598783
25131,0.9839378200598783
25141,0.9839378200598783
25143,0.9839378200598783
25145,0.9839378200598783
25147,0.9839378200598783
25149,0.9839378200598783
25151,0.9839378200598783
25153,0.9839378200598783
25155,0.9839378200598783
25165,0.9839378200598783
25167,0.9839378200598783
25169,0.9714548736721735
25171,0.9714548736721735
25175,0.9714548736721735
25177,0.9714548736721735
25179,0.9714548736721735
25181,0.9714548736721735
25183,0.9714548736721735
25187,0.9714548736721735
25189,0.9714548736721735
25193,0.9714548736721735
25197,0.9714548736721735
25201,0.9714548736721735
25203,0.9714548736721735
25205,0.9714548736721735
25207,0.9714548736721735
25209,0.9714548736721735
25211,0.9714548736721735
25213,0.9714548736721735
25217,0.9714548736721735
25219,0.9714548736721735
25223,0.9714548736721735
25225,0.9714548736721735
25227,0.9714548736721735
25229,0.9714548736721735
25233,0.9714548736721735
25237,0.9714548736721735
25239,0.9714548736721735
25241,0.9714548736721735
25243,0.9714548736721735
25245,0.9714548736721735
25247,0.9714548736721735
25249,0.9714548736721735
25251,0.9714548736721735
25253,0.9714548736721735
25255,0.9714548736721735
25257,0.9714548736721735
25259,0.9714548736721735
25261,0.9714548736721735
25265,0.9714548736721735
25267,0.9714548736721735
25269,0.9714548736721735
25271,0.9714548736721735
25273,0.9714548736721735
25275,0.9714548736721735
25277,0.9714548736721735
25279,0.9714548736721735
25281,0.9714548736721735
25283,0.9714548736721735
25287,0.9714548736721735
25289,0.9714548736721735
25293,0.9714548736721735
25295,0.9714548736721735
25297,0.9714548736721735
25299,0.9714548736721735
25301,0.9714548736721735
25303,0.9714548736721735
25305,0.9839378200598783
25307,0.9839378200598783
25311,0.9839378200598783
25313,0.9839378200598783
25315,0.9839378200598783
25319,0.9839378200598783
25323,0.9839378200598783
25325,0.9839378200598783
25327,0.9839378200598783
25329,0.9839378200598783
25331,0.9839378200598783
25333,0.9839378200598783
25337,0.9839378200598783
25339,0.9839378200598783
25341,0.9839378200598783
25343,0.9839378200598783
25347,0.9839378200598783
25353,0.9839378200598783
25355,0.9839378200598783
25357,0.9839378200598783
25359,0.9839378200598783
25361,0.9839378200598783
25363,0.9839378200598783
25365,0.9839378200598783
25367,0.9839378200598783
25369,0.9839378200598783
25371,0.9839378200598783
25373,0.9839378200598783
25375,0.9839378200598783
25377,0.9839378200598783
25381,0.9839378200598783
25383,0.9839378200598783
25385,0.9839378200598783
25387,0.9839378200598783
25389,0.9839378200598783
25391,0.9839378200598783
25393,0.9839378200598783
25399,0.9839378200598783
25403,0.9839378200598783
25405,0.9839378200598783
25407,0.9839378200598783
25409,0.9839378200598783
25411,0.9839378200598783
25413,0.9839378200598783
25415,0.9839378200598783
25419,1.0
25423,1.0
25425,1.0
25427,1.0
25429,1.0
25431,1.0
25433,1.0
25435,1.0
25437,1.0
25441,1.0
25443,1.0
25445,1.0
25447,1.0
25449,1.0
25451,1.0
25453,1.0
25457,1.0
25459,1.0
25465,1.0
25469,1.0
25473,1.0
25475,1.0
25477,1.0
25479,1.0
25481,1.0
25485,1.0
25487,1.0
25491,1.0
25493,1.0
25495,1.0
25497,1.0
25503,1.0
25505,1.0
25507,1.0
25509,1.0
25511,1.0
25513,1.0
25515,1.0
25517,1.0
25519,1.0
25521,1.0
25523,1.0
25525,1.0
25529,1.0
25531,1.0
25533,1.0
25537,1.0
25541,1.0
25545,1.0
25547,1.0
25549,1.0
25551,1.0
25553,1.0
25555,1.0
25557,1.0
25559,1.0
25563,1.0
25571,1.0
25573,1.0
25577,1.0
25579,1.0
25583,1.0
25585,1.0
25587,1.0
25589,1.0
25591,1.0
25593,1.0
25595,1.0
25597,1.0
25601,1.0
25603,1.0
25605,1.0
25607,1.0
25609,1.0
25611,1.0
25615,1.0
25617,1.0
25619,1.0
25621,1.0
25623,1.0
25627,1.0
25629,1.0
25631,1.0
25633,1.0
25635,1.0
25637,1.0
25641,1.0
25643,1.0
25645,1.0
25647,1.0
25649,1.0
25651,1.0
25653,1.0
25657,1.0
25659,1.0
25661,1.0
25663,1.0
25665,1.0
25667,1.0
25669,1.0
25671,1.0
25677,1.0
25679,1.0
25681,1.0
25685,1.0
25687,1.0
25689,1.0
25691,1.0
25693,1.0
25695,1.0
25697,1.0
25699,1.0
25705,1.0
25707,1.0
25709,1.0
25711,1.0
25713,1.0
25715,1.0
25717,1.0
25719,1.0
25721,1.0
25723,1.0
25727,1.0
25729,1.0
25731,1.0
25733,1.0
25735,1.0
25737,1.0
25739,1.0
25741,1.0
25743,1.0
25745,1.0
25747,1.0
25749,1.0
25751,1.0
25753,1.0
25755,1.0
25757,1.0
25759,1.0
25765,1.0
25767,1.0
25769,1.0
25775,1.0
25777,1.0
25781,1.0
25783,1.0
25785,1.0
25787,1.0
25789,1.0
25791,1.0
25793,1.0
25795,1.0
25797,1.0
25799,1.0
25801,1.0
25803,1.0
25805,1.0
25807,1.0
25809,1.0
25811,1.0
25813,1.0
25815,1.0
25817,1.0
25819,1.0
25825,1.0
25827,1.0
25829,1.0
25835,1.0
25837,1.0
25839,1.0
25841,1.0
25843,1.0
25845,1.0
25853,1.0
25857,1.0
25859,1.0
25861,1.0
25865,1.0
25867,1.0
25869,1.0
25871,1.0
25873,1.0
25875,1.0
25877,1.0
25879,1.0
25881,1.0
25885,1.0
25889,1.0
25893,0.9839378200598783
25895,0.9839378200598783
25897,0.9839378200598783
25899,0.9839378200598783
25901,0.9839378200598783
25903,0.9839378200598783
25905,0.9839378200598783
25907,0.9839378200598783
25909,0.9839378200598783
25911,0.9839378200598783
25913,0.9839378200598783
25915,0.9839378200598783
25917,0.9839378200598783
25919,0.9839378200598783
25921,0.9839378200598783
25923,0.9839378200598783
25925,0.9839378200598783
25927,0.9839378200598783
25929,0.9839378200598783
25931,0.9839378200598783
25933,0.9839378200598783
25937,0.9839378200598783
25941,0.9839378200598783
25943,0.9839378200598783
25945,0.9839378200598783
25947,0.9839378200598783
25951,0.9839378200598783
25955,0.9839378200598783
25957,0.9839378200598783
25959,0.9839378200598783
25961,0.9839378200598783
25963,0.9839378200598783
25965,0.9839378200598783
25967,0.9839378200598783
25969,0.9839378200598783
25971,0.9839378200598783
25973,0.9839378200598783
25981,0.9839378200598783
25987,0.9839378200598783
25989,0.9839378200598783
25993,0.9839378200598783
25997,0.9839378200598783
25999,0.9839378200598783
26003,0.9839378200598783
26005,0.9839378200598783
26007,0.9839378200598783
26009,0.9839378200598783
26015,0.9839378200598783
26017,0.9839378200598783
26021,0.9839378200598783
26023,0.9839378200598783
26025,0.9839378200598783
26027,0.9839378200598783
26029,0.9839378200598783
26031,0.9839378200598783
26033,0.9839378200598783
26037,0.9839378200598783
26039,0.9839378200598783
26041,0.9839378200598783
26047,0.9839378200598783
26049,0.9839378200598783
26051,0.9839378200598783
26059,0.9839378200598783
26063,0.9839378200598783
26065,0.9839378200598783
26067,0.9839378200598783
26069,0.9839378200598783
26071,0.9839378200598783
26073,0.9839378200598783
26075,0.9839378200598783
26077,0.9839378200598783
26079,0.9839378200598783
26081,0.9839378200598783
26083,0.9839378200598783
26085,0.9839378200598783
26087,0.9839378200598783
26089,0.9839378200598783
26091,0.9839378200598783
26093,0.9839378200598783
26095,0.9839378200598783
26099,0.9839378200598783
26101,0.9839378200598783
26103,0.9839378200598783
26105,0.9839378200598783
26109,0.9839378200598783
26113,0.9839378200598783
26115,0.9839378200598783
26121,0.9839378200598783
26123,0.9839378200598783
26125,0.9839378200598783
26127,0.9839378200598783
26129,0.9839378200598783
26131,0.9839378200598783
26133,0.9839378200598783
26135,0.9839378200598783
26141,0.9839378200598783
26143,0.9839378200598783
26145,0.9839378200598783
26147,0.9839378200598783
26149,0.9839378200598783
26151,0.9839378200598783
26153,0.9839378200598783
26157,1.0
26162,1.0
26164,1.0
26169,1.0
26171,1.0
26175,1.0
26177,1.0
26179,1.0
26185,1.0
26187,1.0
26189,1.0
26191,1.0
26193,1.0
26195,1.0
26197,1.0
26199,1.0
26201,1.0
26205,1.0
26207,1.0
26209,1.0
26213,1.0
26217,1.0
26219,1.0
26221,1.0
26223,1.0
26229,1.0
26231,1.0
26233,1.0
26235,1.0
26237,1.0
26239,1.0
26243,1.0
26251,1.0
26253,1.0
26255,1.0
26257,1.0
26265,1.0
26267,1.0
26269,1.0
26271,1.0
26273,1.0
26275,1.0
26277,1.0
26279,1.0
26281,1.0
26285,1.0
26287,1.0
26289,1.0
26293,1.0
26297,1.0
26301,1.0
26305,1.0
26307,1.0
26309,1.0
26311,1.0
26315,1.0
26317,1.0
26319,1.0
26325,1.0
26327,1.0
26337,1.0
26339,1.0
26341,1.0
26343,1.0
26345,1.0
26357,1.0
26359,1.0
26371,1.0
26374,1.0
26378,1.0
26380,1.0
26382,1.0
26390,1.0
26392,1.0
26398,1.0
26407,1.0
26409,1.0
26413,1.0
26415,1.0
26417,1.0
26419,1.0
26421,1.0
26425,1.0
26431,1.0032755713680892
26435,1.0032755713680892
26437,1.0032755713680892
26439,1.0032755713680892
26441,1.0032755713680892
26443,1.0032755713680892
26445,1.0032755713680892
26449,1.0032755713680892
26451,1.0032755713680892
26453,1.0032755713680892
26455,1.0032755713680892
26457,1.0032755713680892
26459,1.0032755713680892
26465,1.0032755713680892
26467,1.0032755713680892
26469,1.0032755713680892
26471,1.0032755713680892
26473,1.0032755713680892
26475,1.0032755713680892
26479,1.0032755713680892
26481,1.0032755713680892
26483,1.0032755713680892
26485,1.0032755713680892
26489,1.0032755713680892
26491,1.0032755713680892
26493,1.0032755713680892
26495,1.0032755713680892
26497,1.0032755713680892
26503,1.0032755713680892
26507,1.0032755713680892
26511,1.0032755713680892
26513,1.0032755713680892
26515,1.0032755713680892
26521,1.0032755713680892
26529,1.0032755713680892
26531,1.0032755713680892
26533,1.0032755713680892
26535,1.0032755713680892
26537,1.0032755713680892
26539,1.0032755713680892
26541,1.0032755713680892
26543,1.0032755713680892
26547,1.0032755713680892
26551,1.0032755713680892
26553,1.0032755713680892
26555,1.0032755713680892
26557,1.0032755713680892
26561,1.0032755713680892
26563,1.0032755713680892
26567,1.0032755713680892
26571,1.0032755713680892
26575,1.0032755713680892
26579,1.0032755713680892
26581,1.0032755713680892
26587,1.0032755713680892
26589,1.0032755713680892
26591,1.0032755713680892
26609,1.0032755713680892
26611,1.0032755713680892
26623,1.0032755713680892
26625,1.0032755713680892
26629,1.0032755713680892
26631,1.0032755713680892
26633,1.0032755713680892
26635,1.0032755713680892
26637,1.0032755713680892
26639,1.0032755713680892
26641,1.0032755713680892
26643,1.0032755713680892
26645,1.0032755713680892
26647,1.0032755713680892
26649,1.0032755713680892
26651,1.0032755713680892
26655,1.0032755713680892
26657,1.0032755713680892
26659,1.0032755713680892
26661,1.0032755713680892
26665,1.0032755713680892
26667,1.0032755713680892
26669,1.0032755713680892
26671,1.0032755713680892
26681,1.0032755713680892
26687,1.0032755713680892
26689,1.0032755713680892
26691,1.0032755713680892
26695,1.0032755713680892
26701,1.0032755713680892
26703,1.0032755713680892
26705,1.0032755713680892
26711,1.0032755713680892
26713,1.0032755713680892
26715,1.0032755713680892
26729,1.0032755713680892
26731,1.0032755713680892
26735,1.0032755713680892
26737,1.0032755713680892
26745,1.0032755713680892
26749,1.0032755713680892
26753,1.0032755713680892
26755,1.0032755713680892
26757,1.0032755713680892
26759,1.0032755713680892
26763,1.0032755713680892
26765,1.0032755713680892
26771,1.0032755713680892
26773,1.0032755713680892
26775,1.0032755713680892
26777,1.0032755713680892
26779,1.0032755713680892
26797,1.0032755713680892
26805,1.0032755713680892
26815,1.0032755713680892
26817,1.0032755713680892
26821,1.0032755713680892
26823,1.0032755713680892
26827,1.0032755713680892
26833,1.0032755713680892
26835,1.0032755713680892
26845,1.0032755713680892
26857,1.0032755713680892
26863,1.0032755713680892
26865,1.0032755713680892
26867,1.0032755713680892
26873,1.0032755713680892
26877,1.0
26881,1.0
26887,1.0
26895,1.0
26901,1.0
26911,1.0
26921,1.0
26939,1.0
26957,1.0
26959,1.0
26961,1.0
26969,1.0
26979,1.0
26997,1.0
26999,1.0
27011,1.0
27019,1.0
27023,1.0
27027,1.0
27033,1.0
27039,1.0
27047,1.0
27059,1.0
27069,1.0
27079,1.0
27081,1.0
27083,1.0
27085,1.0
27087,1.4919863475196893
27089,1.4919863475196893
27091,1.4919863475196893
27093,1.4919863475196893
27095,1.4919863475196893
27097,1.4919863475196893
27099,1.4919863475196893
27101,1.4919863475196893
27103,1.4919863475196893
27105,1.4919863475196893
27107,1.4919863475196893
27109,1.4919863475196893
27111,1.4919863475196893
27113,1.4919863475196893
27117,1.4919863475196893
27119,1.4919863475196893
27121,1.4919863475196893
27125,1.4919863475196893
27127,1.4919863475196893
27131,1.4919863475196893
27133,1.4919863475196893
27135,1.4919863475196893
27137,1.4919863475196893
27139,1.4919863475196893
27141,1.4919863475196893
27145,1.4919863475196893
27147,1.4919863475196893
27149,1.4919863475196893
27153,1.4919863475196893
27155,1.4919863475196893
27157,1.4919863475196893
27159,1.4919863475196893
27161,1.4919863475196893
27163,1.4919863475196893
27165,1.4919863475196893
27169,1.4919863475196893
27171,1.4919863475196893
27173,1.4919863475196893
27175,1.4919863475196893
27177,1.4919863475196893
27179,1.4919863475196893
27181,1.4919863475196893
27183,1.4919863475196893
27185,1.4919863475196893
27187,1.4919863475196893
27189,1.4919863475196893
27191,1.4919863475196893
27197,1.4919863475196893
27199,1.4919863475196893
27201,1.4919863475196893
27203,1.4919863475196893
27205,1.4919863475196893
27207,1.4919863475196893
27209,1.4919863475196893
27211,1.4919863475196893
27213,1.4919863475196893
27215,1.4919863475196893
27219,1.4919863475196893
27221,1.4919863475196893
27225,1.4919863475196893
27227,1.4919863475196893
27231,1.4919863475196893
27233,1.4919863475196893
27235,1.4919863475196893
27239,1.4919863475196893
27243,1.4919863475196893
27247,1.4919863475196893
27249,1.4919863475196893
27251,1.4919863475196893
27253,1.4919863475196893
27259,1.4919863475196893
27261,1.4919863475196893
27263,1.4919863475196893
27267,1.4919863475196893
27269,1.4919863475196893
27271,1.4919863475196893
27273,1.4919863475196893
27275,1.4919863475196893
27277,1.4919863475196893
27281,1.4919863475196893
27283,1.4919863475196893
27285,1.4919863475196893
27287,1.4919863475196893
27293,1.4919863475196893
27295,1.4919863475196893
27297,1.4919863475196893
27299,1.4919863475196893
27301,1.4919863475196893
27303,1.4919863475196893
27305,1.4919863475196893
27307,1.4919863475196893
27309,1.4919863475196893
27311,1.4919863475196893
27313,1.4919863475196893
27315,1.4919863475196893
27317,1.4919863475196893
27319,1.4919863475196893
27323,1.4919863475196893
27327,1.4919863475196893
27329,1.4919863475196893
27331,1.4919863475196893
27333,1.4919863475196893
27335,1.4919863475196893
27337,1.4919863475196893
27339,1.4919863475196893
27341,1.4919863475196893
27343,1.4919863475196893
27347,1.4919863475196893
27353,1.4919863475196893
27355,0.9714548736721735
27357,0.9714548736721735
27361,0.9714548736721735
27363,0.9714548736721735
27365,0.9714548736721735
27367,0.9714548736721735
27369,0.9714548736721735
27373,0.9714548736721735
27375,0.9714548736721735
27379,0.9714548736721735
27381,0.9714548736721735
27383,0.9714548736721735
27387,0.9714548736721735
27389,0.9714548736721735
27391,0.9714548736721735
27393,0.9714548736721735
27395,0.9714548736721735
27397,0.9714548736721735
27399,0.9714548736721735
27401,0.9714548736721735
27403,0.9714548736721735
27405,0.9714548736721735
27407,0.9714548736721735
27410,0.9714548736721735
27414,0.9714548736721735
27416,0.9714548736721735
27418,0.9714548736721735
27420,0.9714548736721735
27422,0.9714548736721735
27426,0.9714548736721735
27428,0.9714548736721735
27430,0.9714548736721735
27434,0.9714548736721735
27436,0.9714548736721735
27438,0.9714548736721735
27440,0.9714548736721735
27442,0.9714548736721735
27444,0.9714548736721735
27446,0.9714548736721735
27448,0.9714548736721735
27450,0.9714548736721735
27452,0.9714548736721735
27458,0.9714548736721735
27460,0.9714548736721735
27462,0.9714548736721735
27466,0.9714548736721735
27468,0.9714548736721735
27472,0.9714548736721735
27474,0.9714548736721735
27478,0.9714548736721735
27480,0.9714548736721735
27482,0.9714548736721735
27486,0.9714548736721735
27490,0.9714548736721735
27494,0.9714548736721735
27496,0.9714548736721735
27498,0.9714548736721735
27500,0.9714548736721735
27502,0.9714548736721735
27506,0.9714548736721735
27508,0.9714548736721735
27510,0.9714548736721735
27512,0.9714548736721735
27516,0.9714548736721735
27518,0.9714548736721735
27520,0.9714548736721735
27524,0.9714548736721735
27530,0.9714548736721735
27532,0.9714548736721735
27534,0.9714548736721735
27536,0.9714548736721735
27538,0.9714548736721735
27540,0.9714548736721735
27544,0.9714548736721735
27546,0.9714548736721735
27550,0.9714548736721735
27552,0.9714548736721735
27554,0.9714548736721735
27556,0.9714548736721735
27558,0.9714548736721735
27560,0.9714548736721735
27562,0.9714548736721735
27566,0.9714548736721735
27568,0.9714548736721735
27572,0.9714548736721735
27578,0.9714548736721735
27580,0.9714548736721735
27586,0.9714548736721735
27588,0.9714548736721735
27592,0.9714548736721735
27596,0.9714548736721735
27598,0.9714548736721735
27602,0.9714548736721735
27606,0.9714548736721735
27608,1.0
27610,1.0
27614,1.0
27616,1.0
27618,1.0
27622,1.0
27624,1.0
27626,1.0
27628,1.0
27630,1.0
27632,1.0
27636,1.0
27638,1.0
27640,1.0
27644,1.0
27646,1.0
27648,1.0
27650,1.0
27654,1.0
27656,1.0
27658,1.0
27664,1.0
27666,1.0
27668,1.0
27672,1.0
27674,1.0
27680,1.0
27682,1.0
27686,1.0
27688,1.0
27694,1.0
27698,1.0
27700,1.0
27702,1.0
27704,1.0
27706,1.0
27708,1.0
27710,1.0
27712,1.0
27714,1.0
27718,1.0
27720,1.0
27722,1.0
27724,1.0
27726,1.0
27728,1.0
27730,1.0
27732,1.0
27734,1.0
27736,1.0
27738,1.0
27740,1.0
27742,1.0
27746,1.0
27748,1.0
27752,1.0
27754,1.0
27756,1.0
27758,1.0
27760,1.0
27764,1.0
27766,1.0
27770,1.0661352065985232
27772,1.0661352065985232
27776,1.0661352065985232
27778,1.0661352065985232
27780,1.0661352065985232
27782,1.0661352065985232
27784,1.0661352065985232
27790,1.0661352065985232
27796,1.0661352065985232
27800,1.0661352065985232
27802,1.0661352065985232
27804,1.0661352065985232
27806,1.0661352065985232
27808,1.0661352065985232
27810,1.0661352065985232
27812,1.0661352065985232
27814,1.0661352065985232
27816,1.0661352065985232
27820,1.0661352065985232
27824,1.0661352065985232
27828,1.0661352065985232
27832,1.0661352065985232
27834,1.0661352065985232
27836,1.0661352065985232
27840,1.0661352065985232
27842,1.0661352065985232
27844,1.0661352065985232
27846,1.0661352065985232
27848,1.0661352065985232
27850,1.0661352065985232
27852,1.0661352065985232
27854,1.0661352065985232
27856,1.0661352065985232
27858,1.0661352065985232
27860,1.0661352065985232
27862,1.0661352065985232
27864,1.0661352065985232
27866,1.0661352065985232
27868,1.0661352065985232
27872,1.0661352065985232
27874,1.0661352065985232
27876,1.0661352065985232
27878,1.0661352065985232
27880,1.0661352065985232
27882,1.0661352065985232
27884,1.0661352065985232
27886,1.0661352065985232
27888,1.0661352065985232
27892,1.0661352065985232
27894,1.0661352065985232
27896,1.0661352065985232
27898,1.0661352065985232
27900,1.0661352065985232
27902,1.0661352065985232
27904,1.0661352065985232
27908,1.0661352065985232
27910,1.0661352065985232
27914,1.0661352065985232
27916,1.0661352065985232
27918,1.0661352065985232
27920,1.0661352065985232
27922,1.0661352065985232
27924,1.0661352065985232
27926,1.0661352065985232
27930,1.0661352065985232
27934,1.0661352065985232
27936,1.0661352065985232
27938,1.0661352065985232
27940,1.0661352065985232
27942,1.0661352065985232
27944,1.0661352065985232
27946,1.0661352065985232
27948,1.0661352065985232
27952,1.0661352065985232
27954,1.0661352065985232
27956,1.0661352065985232
27958,1.0661352065985232
27960,1.0661352065985232
27962,1.0661352065985232
27964,1.0661352065985232
27966,1.0
27968,1.0
27970,1.0
27972,1.0
27974,1.0
27976,1.0
27978,1.0
27980,1.0
27982,1.0
27984,1.0
27986,1.0
27988,1.0
27992,1.0
27998,1.0
28000,1.0
28002,1.0
28004,1.0
28006,1.0
28008,1.0
28010,1.0
28012,1.0
28018,1.0
28020,1.0
28022,1.0
28026,1.0
28028,1.0
28030,1.0
28034,1.0
28036,1.0
28038,1.0
28040,1.0
28042,1.0
28045,1.0
28047,1.0
28049,1.0
28051,1.0
28053,1.0
28055,1.0
28057,1.0
28059,1.0
28061,1.0
28063,1.0
28065,1.0
28069,1.0
28071,1.0
28073,1.0
28075,1.0
28077,1.0
28081,1.0
28083,1.0
28085,1.0
28089,1.0
28093,1.0
28095,1.0
28099,1.0
28101,1.0
28103,1.0
28107,1.0
28109,1.0
28111,1.0
28113,1.0
28115,1.0
28117,1.0
28121,1.0
28125,1.0
28127,1.0
28135,1.0
28137,1.0
28139,1.0
28141,1.0
28143,1.0
28145,1.0
28147,1.0
28149,1.0
28151,1.0
28153,1.0
28155,1.0
28157,1.0
28159,1.0
28161,1.0
28163,1.0
28165,1.0
28169,1.0
28173,1.0
28175,1.0
28177,1.0
28179,1.0
28181,1.0
28183,1.0
28189,1.0
28193,1.0
28195,1.0
28197,1.0
28199,1.0
28201,1.0
28203,1.0
28205,1.0
28207,1.0
28213,1.0
28215,1.0
28217,1.0
28219,1.0
28223,1.0
28225,1.0
28229,1.0
28231,1.0
28237,1.0
28239,1.0
28241,1.0
28243,1.0
28245,1.0
28247,1.0
28249,1.0
28251,1.0
28253,1.0
28255,1.0
28257,1.0
28259,1.0
28265,1.0
28267,1.0
28269,1.0
28271,1.0
28275,1.0
28277,1.0
28279,1.0
28281,1.0
28287,1.0
28289,1.0
28291,1.0
28297,1.0
28299,1.0
28303,1.0
28305,1.0
28307,1.0
28309,1.0
28313,1.0
28317,1.0
28319,1.0
28321,1.0
28325,1.0
28327,1.0
28329,1.0
28331,1.0
28333,1.0
28335,1.0
28337,1.0
28339,1.0
28341,1.0
28343,1.0
28345,1.0
28351,1.0
28355,1.0
28357,1.0
28359,1.0
28361,1.0
28363,1.0
28365,1.0
28367,1.0
28369,1.0
28371,1.0
28373,1.0
28375,1.0
28377,1.0
28379,1.0
28383,1.0
28385,1.0
28391,1.0
28395,1.0
28397,1.0
28401,1.0
28405,1.0
28409,1.0
28411,1.0
28415,1.0
28421,1.0
28423,1.0
28425,1.0
28429,1.0
28431,1.0
28433,1.0
28435,1.0
28439,1.0
28442,1.0
28444,1.0
28447,1.0
28449,1.0
28451,1.0
28453,1.0
28455,1.0
28459,1.0
28463,1.0
28465,1.0
28467,1.0
28469,1.0
28471,1.0
28475,1.0
28477,1.0
28481,1.0
28483,1.0
28489,1.0
28491,1.0
28493,1.0
28495,1.0
28499,1.0
28501,1.0
28783,0.9714548736721735
28785,0.9714548736721735
28787,0.9714548736721735
